,,,Life Expectancy,,,,,,,,,,,,,,,,,,,,,,,,Premature Age-Adjusted Mortality,,,,,,,,,,,,,,,,,,,,,,,,,Child Mortality,,,,,,,,,,,,,,,,,,,,,,,,,Infant Mortality,,,,,,,,,,,,,,,,,,,,,,,,,Frequent Physical Distress,,,Frequent Mental Distress,,,Diabetes Prevalence,,,HIV Prevalence,,Food Insecurity,,Limited Access to Healthy Foods,,Drug Overdose Deaths,,,,,,,,,,,,,,,,,,,,,,,,,Insufficient Sleep,,,Uninsured Adults,,,,Uninsured Children,,,,Other Primary Care Providers,,High School Graduation,,Disconnected Youth,,,Reading Scores,,,,,,Math Scores,,,,,,School Segregation,School Funding Adequacy,,Gender Pay Gap,,,,,Median Household Income,,,,,,,,,,,,,,,,,,Children Eligible for Free or Reduced Price Lunch,Residential Segregation - Black/White,Child Care Cost Burden,Child Care Centers,,Homicides,,,,,,,,,,,,,,,,,,,,,,,,Suicides,,,,,,,,,,,,,,,,,,,,,,,,,,Firearm Fatalities,,,,,,,,,,,,,,,,,,,,,,,,,Motor Vehicle Crash Deaths,,,,,,,,,,,,,,,,,,,,,,,,,Juvenile Arrests,,,,Voter Turnout,Census Participation,Traffic Volume,Homeownership,,,,Severe Housing Cost Burden,,,,Broadband Access,,,,Population,% Below 18 Years of Age,% 65 and Older,% Non-Hispanic Black,,% American Indian or Alaska Native,,% Asian,,% Native Hawaiian or Other Pacific Islander,,% Hispanic,,% Non-Hispanic White,,% Not Proficient in English,,,,% Female,% Rural,
FIPS,State,County,Life Expectancy,95% CI - Low,95% CI - High,Life Expectancy (Hispanic (all races)),Life Expectancy (Hispanic (all races)) 95% CI - Low,Life Expectancy (Hispanic (all races)) 95% CI - High,Life Expectancy (Non-Hispanic AIAN),Life Expectancy (Non-Hispanic AIAN) 95% CI - Low,Life Expectancy (Non-Hispanic AIAN) 95% CI - High,Life Expectancy (Non-Hispanic Asian),Life Expectancy (Non-Hispanic Asian) 95% CI - Low,Life Expectancy (Non-Hispanic Asian) 95% CI - High,Life Expectancy (Non-Hispanic Black),Life Expectancy (Non-Hispanic Black) 95% CI - Low,Life Expectancy (Non-Hispanic Black) 95% CI - High,Life Expectancy (Non-Hispanic Native Hawaiian and Other Pacific Islander),Life Expectancy (Non-Hispanic Native Hawaiian and Other Pacific Islander) 95% CI - Low,Life Expectancy (Non-Hispanic Native Hawaiian and Other Pacific Islander) 95% CI - High,Life Expectancy (Non-Hispanic 2+ races),Life Expectancy (Non-Hispanic 2+ races) 95% CI - Low,Life Expectancy (Non-Hispanic 2+ races) 95% CI - High,Life Expectancy (Non-Hispanic White),Life Expectancy (Non-Hispanic White) 95% CI - Low,Life Expectancy (Non-Hispanic White) 95% CI - High,# Deaths,Age-Adjusted Death Rate,95% CI - Low,95% CI - High,Age-Adjusted Mortality (Hispanic (all races)),Age-Adjusted Mortality (Hispanic (all races)) 95% CI - Low,Age-Adjusted Mortality (Hispanic (all races)) 95% CI - High,Age-Adjusted Mortality (Non-Hispanic AIAN),Age-Adjusted Mortality (Non-Hispanic AIAN) 95% CI - Low,Age-Adjusted Mortality (Non-Hispanic AIAN) 95% CI - High,Age-Adjusted Mortality (Non-Hispanic Asian),Age-Adjusted Mortality (Non-Hispanic Asian) 95% CI - Low,Age-Adjusted Mortality (Non-Hispanic Asian) 95% CI - High,Age-Adjusted Mortality (Non-Hispanic Black),Age-Adjusted Mortality (Non-Hispanic Black) 95% CI - Low,Age-Adjusted Mortality (Non-Hispanic Black) 95% CI - High,Age-Adjusted Mortality (Non-Hispanic Native Hawaiian and Other Pacific Islander),Age-Adjusted Mortality (Non-Hispanic Native Hawaiian and Other Pacific Islander) 95% CI - Low,Age-Adjusted Mortality (Non-Hispanic Native Hawaiian and Other Pacific Islander) 95% CI - High,Age-Adjusted Mortality (Non-Hispanic 2+ races),Age-Adjusted Mortality (Non-Hispanic 2+ races) 95% CI - Low,Age-Adjusted Mortality (Non-Hispanic 2+ races) 95% CI - High,Age-Adjusted Mortality (Non-Hispanic White),Age-Adjusted Mortality (Non-Hispanic White) 95% CI - Low,Age-Adjusted Mortality (Non-Hispanic White) 95% CI - High,# Deaths,Child Mortality Rate,95% CI - Low,95% CI - High,Child Mortality Rate (Hispanic (all races)),Child Mortality Rate (Hispanic (all races)) 95% CI - Low,Child Mortality Rate (Hispanic (all races)) 95% CI - High,Child Mortality Rate (Non-Hispanic AIAN),Child Mortality Rate (Non-Hispanic AIAN) 95% CI - Low,Child Mortality Rate (Non-Hispanic AIAN) 95% CI - High,Child Mortality Rate (Non-Hispanic Asian),Child Mortality Rate (Non-Hispanic Asian) 95% CI - Low,Child Mortality Rate (Non-Hispanic Asian) 95% CI - High,Child Mortality Rate (Non-Hispanic Black),Child Mortality Rate (Non-Hispanic Black) 95% CI - Low,Child Mortality Rate (Non-Hispanic Black) 95% CI - High,Child Mortality Rate (Non-Hispanic Native Hawaiian and Other Pacific Islander),Child Mortality Rate (Non-Hispanic Native Hawaiian and Other Pacific Islander) 95% CI - Low,Child Mortality Rate (Non-Hispanic Native Hawaiian and Other Pacific Islander) 95% CI - High,Child Mortality Rate (Non-Hispanic 2+ races),Child Mortality Rate (Non-Hispanic 2+ races) 95% CI - Low,Child Mortality Rate (Non-Hispanic 2+ races) 95% CI - High,Child Mortality Rate (Non-Hispanic White),Child Mortality Rate (Non-Hispanic White) 95% CI - Low,Child Mortality Rate (Non-Hispanic White) 95% CI - High,# Deaths,Infant Mortality Rate,95% CI - Low,95% CI - High,Infant Mortality Rate (Hispanic (all races)),Infant Mortality Rate (Hispanic (all races)) 95% CI - Low,Infant Mortality Rate (Hispanic (all races)) 95% CI - High,Infant Mortality Rate (Non-Hispanic AIAN),Infant Mortality Rate (Non-Hispanic AIAN) 95% CI - Low,Infant Mortality Rate (Non-Hispanic AIAN) 95% CI - High,Infant Mortality Rate (Non-Hispanic Asian),Infant Mortality Rate (Non-Hispanic Asian) 95% CI - Low,Infant Mortality Rate (Non-Hispanic Asian) 95% CI - High,Infant Mortality Rate (Non-Hispanic Black),Infant Mortality Rate (Non-Hispanic Black) 95% CI - Low,Infant Mortality Rate (Non-Hispanic Black) 95% CI - High,Infant Mortality Rate (Non-Hispanic Native Hawaiian and Other Pacific Islander),Infant Mortality Rate (Non-Hispanic Native Hawaiian and Other Pacific Islander) 95% CI - Low,Infant Mortality Rate (Non-Hispanic Native Hawaiian and Other Pacific Islander) 95% CI - High,Infant Mortality Rate (Non-Hispanic 2+ races),Infant Mortality Rate (Non-Hispanic 2+ races) 95% CI - Low,Infant Mortality Rate (Non-Hispanic 2+ races) 95% CI - High,Infant Mortality Rate (Non-Hispanic White),Infant Mortality Rate (Non-Hispanic White) 95% CI - Low,Infant Mortality Rate (Non-Hispanic White) 95% CI - High,% Frequent Physical Distress,95% CI - Low,95% CI - High,% Frequent Mental Distress,95% CI - Low,95% CI - High,% Adults with Diabetes,95% CI - Low,95% CI - High,# HIV Cases,HIV Prevalence Rate,# Food Insecure,% Food Insecure,# Limited Access to Healthy Foods,% Limited Access to Healthy Foods,# Drug Overdose Deaths,Drug Overdose Mortality Rate,95% CI - Low,95% CI - High,Drug Overdose Mortality Rate (Hispanic (all races)),Drug Overdose Mortality Rate (Hispanic (all races)) 95% CI - Low,Drug Overdose Mortality Rate (Hispanic (all races)) 95% CI - High,Drug Overdose Mortality Rate (Non-Hispanic AIAN),Drug Overdose Mortality Rate (Non-Hispanic AIAN) 95% CI - Low,Drug Overdose Mortality Rate (Non-Hispanic AIAN) 95% CI - High,Drug Overdose Mortality Rate (Non-Hispanic Asian),Drug Overdose Mortality Rate (Non-Hispanic Asian) 95% CI - Low,Drug Overdose Mortality Rate (Non-Hispanic Asian) 95% CI - High,Drug Overdose Mortality Rate (Non-Hispanic Black),Drug Overdose Mortality Rate (Non-Hispanic Black) 95% CI - Low,Drug Overdose Mortality Rate (Non-Hispanic Black) 95% CI - High,Drug Overdose Mortality Rate (Non-Hispanic Native Hawaiian and Other Pacific Islander),Drug Overdose Mortality Rate (Non-Hispanic Native Hawaiian and Other Pacific Islander) 95% CI - Low,Drug Overdose Mortality Rate (Non-Hispanic Native Hawaiian and Other Pacific Islander) 95% CI - High,Drug Overdose Mortality Rate (Non-Hispanic 2+ races),Drug Overdose Mortality Rate (Non-Hispanic 2+ races) 95% CI - Low,Drug Overdose Mortality Rate (Non-Hispanic 2+ races) 95% CI - High,Drug Overdose Mortality Rate (Non-Hispanic White),Drug Overdose Mortality Rate (Non-Hispanic White) 95% CI - Low,Drug Overdose Mortality Rate (Non-Hispanic White) 95% CI - High,% Insufficient Sleep,95% CI - Low,95% CI - High,# Uninsured Adults,% Uninsured Adults,95% CI - Low,95% CI - High,# Uninsured Children,% Uninsured Children,95% CI - Low,95% CI - High,Other Primary Care Provider Rate,Other Primary Care Provider Ratio,Cohort Size,High School Graduation Rate,% Disconnected Youth,95% CI - Low,95% CI - High,Average Grade Performance,Average Grade Performance (AIAN),Average Grade Performance (Asian),Average Grade Performance (Black),Average Grade Performance (Hispanic),Average Grade Performance (White),Average Grade Performance,Average Grade Performance (AIAN),Average Grade Performance (Asian),Average Grade Performance (Black),Average Grade Performance (Hispanic),Average Grade Performance (White),Segregation Index,Spending per Pupil,School Funding Adequacy,Women's Median Earnings,Men's Median Earnings,Gender Pay Gap,95% CI - Low,95% CI - High,Median Household Income,95% CI - Low,95% CI - High,Household Income (AIAN),Household Income (AIAN) 95% CI - Low,Household Income (AIAN) 95% CI - High,Household Income (Asian),Household Income (Asian) 95% CI - Low,Household Income (Asian) 95% CI - High,Household Income (Black),Household Income (Black) 95% CI - Low,Household Income (Black) 95% CI - High,Household Income (Hispanic),Household Income (Hispanic) 95% CI - Low,Household Income (Hispanic) 95% CI - High,Household Income (White),Household Income (White) 95% CI - Low,Household Income (White) 95% CI - High,% Enrolled in Free or Reduced Lunch,Segregation Index,% Household Income Required for Child Care Expenses,# Child Care Centers,"Child Care Centers per 1,000 Children",Homicide Rate,95% CI - Low,95% CI - High,Homicide Rate (Hispanic (all races)),Homicide Rate (Hispanic (all races)) 95% CI - Low,Homicide Rate (Hispanic (all races)) 95% CI - High,Homicide Rate (Non-Hispanic AIAN),Homicide Rate (Non-Hispanic AIAN) 95% CI - Low,Homicide Rate (Non-Hispanic AIAN) 95% CI - High,Homicide Rate (Non-Hispanic Asian),Homicide Rate (Non-Hispanic Asian) 95% CI - Low,Homicide Rate (Non-Hispanic Asian) 95% CI - High,Homicide Rate (Non-Hispanic Black),Homicide Rate (Non-Hispanic Black) 95% CI - Low,Homicide Rate (Non-Hispanic Black) 95% CI - High,Homicide Rate (Non-Hispanic Native Hawaiian and Other Pacific Islander),Homicide Rate (Non-Hispanic Native Hawaiian and Other Pacific Islander) 95% CI - Low,Homicide Rate (Non-Hispanic Native Hawaiian and Other Pacific Islander) 95% CI - High,Homicide Rate (Non-Hispanic 2+ races),Homicide Rate (Non-Hispanic 2+ races) 95% CI - Low,Homicide Rate (Non-Hispanic 2+ races) 95% CI - High,Homicide Rate (Non-Hispanic White),Homicide Rate (Non-Hispanic White) 95% CI - Low,Homicide Rate (Non-Hispanic White) 95% CI - High,# Deaths,Suicide Rate (Age-Adjusted),95% CI - Low,95% CI - High,Crude Rate,Suicide Rate (Hispanic (all races)),Suicide Rate (Hispanic (all races)) 95% CI - Low,Suicide Rate (Hispanic (all races)) 95% CI - High,Suicide Rate (Non-Hispanic AIAN),Suicide Rate (Non-Hispanic AIAN) 95% CI - Low,Suicide Rate (Non-Hispanic AIAN) 95% CI - High,Suicide Rate (Non-Hispanic Asian),Suicide Rate (Non-Hispanic Asian) 95% CI - Low,Suicide Rate (Non-Hispanic Asian) 95% CI - High,Suicide Rate (Non-Hispanic Black),Suicide Rate (Non-Hispanic Black) 95% CI - Low,Suicide Rate (Non-Hispanic Black) 95% CI - High,Suicide Rate (Non-Hispanic Native Hawaiian and Other Pacific Islander),Suicide Rate (Non-Hispanic Native Hawaiian and Other Pacific Islander) 95% CI - Low,Suicide Rate (Non-Hispanic Native Hawaiian and Other Pacific Islander) 95% CI - High,Suicide Rate (Non-Hispanic 2+ races),Suicide Rate (Non-Hispanic 2+ races) 95% CI - Low,Suicide Rate (Non-Hispanic 2+ races) 95% CI - High,Suicide Rate (Non-Hispanic White),Suicide Rate (Non-Hispanic White) 95% CI - Low,Suicide Rate (Non-Hispanic White) 95% CI - High,# Firearm Fatalities,Firearm Fatalities Rate,95% CI - Low,95% CI - High,Firearm Fatalities Rate (Hispanic (all races)),Firearm Fatalities Rate (Hispanic (all races)) 95% CI - Low,Firearm Fatalities Rate (Hispanic (all races)) 95% CI - High,Firearm Fatalities Rate (Non-Hispanic AIAN),Firearm Fatalities Rate (Non-Hispanic AIAN) 95% CI - Low,Firearm Fatalities Rate (Non-Hispanic AIAN) 95% CI - High,Firearm Fatalities Rate (Non-Hispanic Asian),Firearm Fatalities Rate (Non-Hispanic Asian) 95% CI - Low,Firearm Fatalities Rate (Non-Hispanic Asian) 95% CI - High,Firearm Fatalities Rate (Non-Hispanic Black),Firearm Fatalities Rate (Non-Hispanic Black) 95% CI - Low,Firearm Fatalities Rate (Non-Hispanic Black) 95% CI - High,Firearm Fatalities Rate (Non-Hispanic Native Hawaiian and Other Pacific Islander),Firearm Fatalities Rate (Non-Hispanic Native Hawaiian and Other Pacific Islander) 95% CI - Low,Firearm Fatalities Rate (Non-Hispanic Native Hawaiian and Other Pacific Islander) 95% CI - High,Firearm Fatalities Rate (Non-Hispanic 2+ races),Firearm Fatalities Rate (Non-Hispanic 2+ races) 95% CI - Low,Firearm Fatalities Rate (Non-Hispanic 2+ races) 95% CI - High,Firearm Fatalities Rate (Non-Hispanic White),Firearm Fatalities Rate (Non-Hispanic White) 95% CI - Low,Firearm Fatalities Rate (Non-Hispanic White) 95% CI - High,# Motor Vehicle Deaths,Motor Vehicle Mortality Rate,95% CI - Low,95% CI - High,MV Mortality Rate (Hispanic (all races)),MV Mortality Rate (Hispanic (all races)) 95% CI - Low,MV Mortality Rate (Hispanic (all races)) 95% CI - High,MV Mortality Rate (Non-Hispanic AIAN),MV Mortality Rate (Non-Hispanic AIAN) 95% CI - Low,MV Mortality Rate (Non-Hispanic AIAN) 95% CI - High,MV Mortality Rate (Non-Hispanic Asian),MV Mortality Rate (Non-Hispanic Asian) 95% CI - Low,MV Mortality Rate (Non-Hispanic Asian) 95% CI - High,MV Mortality Rate (Non-Hispanic Black),MV Mortality Rate (Non-Hispanic Black) 95% CI - Low,MV Mortality Rate (Non-Hispanic Black) 95% CI - High,MV Mortality Rate (Non-Hispanic Native Hawaiian and Other Pacific Islander),MV Mortality Rate (Non-Hispanic Native Hawaiian and Other Pacific Islander) 95% CI - Low,MV Mortality Rate (Non-Hispanic Native Hawaiian and Other Pacific Islander) 95% CI - High,MV Mortality Rate (Non-Hispanic 2+ races),MV Mortality Rate (Non-Hispanic 2+ races) 95% CI - Low,MV Mortality Rate (Non-Hispanic 2+ races) 95% CI - High,MV Mortality Rate (Non-Hispanic White),MV Mortality Rate (Non-Hispanic White) 95% CI - Low,MV Mortality Rate (Non-Hispanic White) 95% CI - High,Non-Petitioned Cases,Petitioned Cases,Denominator,Juvenile Arrest Rate,% Voter Turnout,% Census Participation,Traffic Volume,# Homeowners,% Homeowners,95% CI - Low,95% CI - High,# Households with Severe Cost Burden,% Households with Severe Cost Burden,95% CI - Low,95% CI - High,% Households with Broadband Access,# Households with Broadband Access,95% CI - Low,95% CI - High,Population,% Less than 18 Years of Age,% 65 and Over,# Black,% Black,# American Indian or Alaska Native,% American Indian or Alaska Native,# Asian,% Asian,# Native Hawaiian or Other Pacific Islander,% Native Hawaiian or Other Pacific Islander,# Hispanic,% Hispanic,# Non-Hispanic White,% Non-Hispanic White,# Not Proficient in English,% Not Proficient in English,95% CI - Low,95% CI - High,% Female,# Rural Residents,% Rural
36000,New York,,79.7,79.6,79.7,,,,,,,,,,,,,,,,,,,,,,229510,325,324,327,,,,,,,,,,,,,,,,,,,,,,6775,37,36,38,,,,,,,,,,,,,,,,,,,,,,6831,4,4,4,,,,,,,,,,,,,,,,,,,,,,9,9,10,13,13,14,10,10,11,124630,737,2265160,11,462057,2,14424,25,24,25,,,,,,,,,,,,,,,,,,,,,,33,32,34,874355,7,7,8,109947,3,2,3,154,651:1,208280,85,7,6,7,,,,,,,,,,,,,0.34,26583,6721,60667,69918,0.87,0.86,0.87,79463,78613,80313,,,,,,,,,,,,,,,,55,74,38,,6,4,3,4,,,,,,,,,,,,,,,,,,,,,,8416,8,8,8,9,,,,,,,,,,,,,,,,,,,,,,4527,5,4,5,,,,,,,,,,,,,,,,,,,,,,7938,6,6,6,,,,,,,,,,,,,,,,,,,,,,,,,,62.9,,438,4128119,54,54,55,1429384,19,19,20,88,6706160,88,88,19677151,20.3,18.1,2837505,14.4,205972,1.0,1894327,9.6,28627,0.1,3867076,19.7,10669241,54.2,1255157,7,7,7,51.1,2536083,12.6
36001,New York,Albany,78.7,78.4,79.1,83.0,80.0,86.0,,,,86.5,83.9,89.0,71.8,70.8,72.8,,,,,,,79.5,79.2,79.9,3866,351,339,362,319,265,374,,,,175,140,216,691,642,740,,,,,,,318,305,331,120,44,36,52,52,28,87,,,,,,,94,68,127,,,,,,,29,22,39,116,6,5,7,,,,,,,,,,13,10,17,,,,,,,4,3,5,9,8,10,16,14,18,9,8,11,1134,415,27680,9,16860,6,238,26,23,29,27,15,44,,,,,,,44,33,58,,,,,,,25,21,28,34,32,36,10193,5,5,6,1542,3,2,3,267,375:1,3115,87,5,3,7,,,,,,,,,,,,,0.19,21575,6994,60587,69546,0.87,0.83,0.91,76997,72633,81361,63250,26151,100349,97319,77400,117238,44379,40688,48070,56942,45650,68234,87418,84948,89888,41,57,41,132,9,3,3,4,,,,,,,,,,17,13,23,,,,,,,1,1,2,157,10,8,11,10,,,,,,,,,,,,,,,,,,,,,,104,7,5,8,,,,,,,,,,18,13,25,,,,,,,6,4,7,118,5,4,6,8,4,15,,,,,,,8,5,13,,,,,,,5,4,6,184,114,24700,12,65.6,64.7,186,74707,57,55,58,18407,14,13,15,88,116401,87,89,315811,17.7,18.5,41125,13.0,1095,0.3,23506,7.4,289,0.1,21894,6.9,220478,69.8,5252,2,1,2,51.3,30125,9.6
36003,New York,Allegany,77.5,76.7,78.3,,,,,,,,,,,,,,,,,,,,,,700,396,364,428,,,,,,,,,,,,,,,,,,,,,,16,34,19,55,,,,,,,,,,,,,,,,,,,,,,,,,,,,,,,,,,,,,,,,,,,,,,,11,10,13,16,14,18,10,9,12,31,78,5140,11,648,1,15,11,6,18,,,,,,,,,,,,,,,,,,,,,,36,34,37,1404,6,5,7,292,3,2,4,88,1139:1,504,89,3,2,5,,,,,,,,,,,,,0.06,25384,10401,41041,52244,0.79,0.73,0.84,55466,50945,59987,26250,18274,34226,92500,77391,107609,,,,39844,4746,74942,58669,56354,60984,50,,41,16,7,,,,,,,,,,,,,,,,,,,,,,,,,43,20,14,28,19,,,,,,,,,,,,,,,,,,,,,,33,14,10,20,,,,,,,,,,,,,,,,,,,,,,32,10,7,14,,,,,,,,,,,,,,,,,,,,,,20,24,4300,10,57.1,47.7,8,13584,81,80,82,1766,11,9,13,83,14006,81,85,46694,19.5,20.6,668,1.4,177,0.4,573,1.2,22,0.0,933,2.0,43787,93.8,271,1,0,1,48.9,41117,88.5
36005,New York,Bronx,77.3,77.1,77.4,79.3,79.1,79.6,,,,86.6,85.0,88.2,74.8,74.5,75.1,,,,,,,76.2,75.7,76.7,20350,459,453,465,385,377,393,,,,244,222,265,564,551,576,,,,,,,509,487,530,662,43,40,46,29,26,32,,,,34,21,53,64,56,72,,,,,,,60,46,77,670,5,4,5,3,3,4,,,,3,2,5,7,6,8,,,,,,,4,3,6,14,12,16,16,15,18,15,14,17,27313,2329,271700,19,8,0,1782,42,40,44,37,35,40,,,,7,4,12,48,44,52,,,,,,,64,56,72,36,35,38,89347,11,10,12,9130,3,2,3,150,666:1,14990,73,9,8,11,,,,,,,,,,,,,0.16,,,48049,48589,0.99,0.95,1.03,45864,43332,48396,46568,32270,60866,70275,62231,78319,47762,45380,50144,41220,39959,42481,75289,72229,78349,87,49,80,623,6,7,7,8,5,5,6,,,,,,,13,12,15,,,,,,,2,1,3,377,5,5,6,5,4,4,5,,,,6,3,9,5,4,6,,,,,,,10,8,13,386,5,5,6,3,3,4,,,,,,,11,9,12,,,,,,,3,2,5,412,4,4,4,4,3,4,,,,,,,4,3,4,,,,,,,8,6,10,,276,147500,,50.5,60.6,1013,104887,20,19,21,157006,31,30,32,84,439414,83,84,1379946,24.3,14.4,401310,29.1,42482,3.1,66149,4.8,5811,0.4,780819,56.6,119739,8.7,195143,15,14,15,52.7,1,0.0
36007,New York,Broome,77.2,76.8,77.6,84.3,77.8,90.8,,,,85.2,80.9,89.6,70.4,68.3,72.4,,,,,,,77.3,76.9,77.8,2835,410,393,426,403,308,518,,,,199,139,277,786,676,896,,,,,,,401,384,418,83,46,37,57,,,,,,,,,,93,49,159,,,,,,,42,32,55,70,5,4,7,,,,,,,,,,,,,,,,,,,,,,11,10,13,17,15,19,10,9,12,419,246,23970,12,7370,4,213,37,32,42,,,,,,,,,,79,52,116,,,,,,,36,31,42,34,33,36,6998,6,5,7,1086,3,2,4,218,458:1,2000,86,4,3,6,,,,,,,,,,,,,0.14,22236,10787,47563,58451,0.81,0.77,0.86,60533,56955,64111,70769,22229,119309,42329,28224,56434,37167,31320,43014,52299,42251,62347,60977,58434,63520,48,60,41,57,6,3,2,4,,,,,,,,,,19,10,32,,,,,,,1,1,2,111,11,9,14,12,,,,,,,,,,,,,,,,,,,,,,52,5,4,7,,,,,,,,,,,,,,,,,,,,,,83,6,5,8,,,,,,,,,,,,,,,,,,,,,,73,90,16500,10,62.7,63.3,120,52748,65,64,66,11450,15,13,16,87,70778,86,88,197117,18.8,20.5,11759,6.0,603,0.3,9839,5.0,157,0.1,10073,5.1,159674,81.0,2769,1,1,2,50.5,49566,24.9
36009,New York,Cattaraugus,75.5,74.9,76.2,81.0,74.1,87.9,66.1,62.3,70.0,,,,,,,,,,,,,75.7,75.0,76.4,1379,462,436,489,,,,976,764,1229,,,,,,,,,,,,,452,425,479,42,55,40,75,,,,,,,,,,,,,,,,,,,,,,25,4,3,6,,,,,,,,,,,,,,,,,,,,,,12,10,14,17,15,19,10,9,12,79,122,9390,12,1940,2,56,25,19,32,,,,,,,,,,,,,,,,,,,,,,35,33,36,3277,8,7,9,573,3,2,4,133,749:1,994,86,8,5,10,,,,,,,,,,,,,0.17,23365,10324,45140,51781,0.87,0.83,0.92,52383,47606,57160,34330,29329,39331,86897,32205,141589,40000,25733,54267,40729,21894,59564,57537,55379,59695,49,50,47,19,4,,,,,,,,,,,,,,,,,,,,,,,,,57,16,12,21,15,,,,,,,,,,,,,,,,,,,,,,34,9,6,12,,,,,,,,,,,,,,,,,,,,,,58,11,8,14,,,,,,,,,,,,,,,,,,,,,,44,24,7800,9,59.1,52.8,34,23220,74,72,75,3374,11,10,12,80,25165,79,81,76439,21.6,21.0,1088,1.4,2926,3.8,645,0.8,33,0.0,1992,2.6,68478,89.6,469,1,0,1,49.7,47619,61.8
36011,New York,Cayuga,78.4,77.7,79.0,,,,,,,,,,72.4,67.2,77.6,,,,,,,78.2,77.6,78.9,1095,358,335,381,,,,,,,,,,536,367,757,,,,,,,363,339,387,30,45,31,65,,,,,,,,,,,,,,,,,,,,,,33,6,4,9,,,,,,,,,,,,,,,,,,,,,,11,10,13,17,15,19,10,8,11,143,218,7870,10,795,1,63,28,21,35,,,,,,,,,,,,,,,,,,,,,,35,33,37,2540,6,5,7,434,3,2,4,112,893:1,778,83,6,3,10,,,,,,,,,,,,,0.09,21220,9088,50601,59639,0.85,0.80,0.90,64129,60526,67732,,,,118500,106367,130633,47576,13978,81174,42321,31713,52929,64713,61134,68292,48,66,39,26,7,,,,,,,,,,,,,,,,,,,,,,,,,51,13,10,18,13,,,,,,,,,,,,,,,,,,,,,,19,5,3,8,,,,,,,,,,,,,,,,,,,,,,53,10,7,13,,,,,,,,,,,,,,,,,,,,,,28,51,7000,11,60.2,60.3,56,21643,70,68,72,3771,13,11,14,85,26355,83,87,74998,19.2,21.6,2683,3.6,384,0.5,560,0.7,64,0.1,2495,3.3,67267,89.7,333,0,0,1,48.9,44815,58.8
36013,New York,Chautauqua,76.7,76.2,77.2,75.1,72.4,77.7,,,,,,,68.6,63.8,73.5,,,,,,,76.9,76.4,77.4,2079,424,404,443,555,453,656,,,,,,,766,569,1010,,,,,,,413,393,434,45,38,28,50,,,,,,,,,,,,,,,,,,,,,,58,6,5,8,,,,,,,,,,,,,,,,,,,,,,12,11,14,17,15,20,11,10,13,248,228,15850,12,7619,6,139,37,31,43,73,46,110,,,,,,,,,,,,,,,,33,27,39,36,34,37,4591,6,5,8,799,3,2,4,121,824:1,1524,84,8,6,11,,,,,,,,,,,,,0.17,23398,9553,45560,54942,0.83,0.78,0.87,55644,51866,59422,32045,1781,62309,50213,19060,81366,30250,23220,37280,28101,23461,32741,57343,55173,59513,55,60,44,38,6,2,1,3,,,,,,,,,,,,,,,,,,,,,,87,13,10,16,14,,,,,,,,,,,,,,,,,,,,,,50,8,6,10,,,,,,,,,,,,,,,,,,,,,,66,7,6,9,,,,,,,,,,,,,,,,,,,,,,106,31,11700,12,59.7,58.8,61,36891,69,68,70,7192,14,13,15,84,44890,83,85,126027,20.0,22.0,2639,2.1,989,0.8,848,0.7,72,0.1,10668,8.5,108700,86.3,1715,1,1,2,50.2,56257,44.1
36015,New York,Chemung,75.5,74.9,76.1,100.8,66.5,135.0,,,,,,,71.1,68.2,73.9,,,,,,,75.5,74.9,76.2,1462,460,435,485,,,,,,,,,,679,550,829,,,,,,,458,431,485,39,50,35,68,,,,,,,,,,,,,,,,,,,,,,41,7,5,9,,,,,,,,,,,,,,,,,,,,,,11,10,13,17,15,20,10,9,11,180,254,9250,11,5493,6,94,38,30,46,,,,,,,,,,108,62,176,,,,,,,35,28,44,35,33,37,2751,6,5,7,474,3,2,3,169,590:1,851,81,12,8,17,,,,,,,,,,,,,0.07,19225,8623,46837,56086,0.84,0.79,0.88,56664,52882,60446,,,,66477,24781,108173,38659,27946,49372,41125,12020,70230,63177,60178,66176,51,57,45,29,6,4,3,6,,,,,,,,,,,,,,,,,,,,,,59,14,10,18,14,,,,,,,,,,,,,,,,,,,,,,32,8,5,11,,,,,,,,,,,,,,,,,,,,,,60,10,8,13,,,,,,,,,,,,,,,,,,,,,,9,31,8000,5,61.2,67.9,81,23801,68,67,70,4772,14,12,16,85,29533,83,86,81426,20.8,20.7,4529,5.6,307,0.4,1290,1.6,35,0.0,2881,3.5,69685,85.6,496,1,0,1,50.3,21800,25.9
36017,New York,Chenango,75.8,75.0,76.6,,,,,,,,,,,,,,,,,,,,,,818,434,402,467,,,,,,,,,,,,,,,,,,,,,,25,59,38,87,,,,,,,,,,,,,,,,,,,,,,27,8,5,12,,,,,,,,,,,,,,,,,,,,,,11,9,13,16,14,19,10,9,11,58,146,4910,10,915,2,43,31,22,41,,,,,,,,,,,,,,,,,,,,,,36,35,38,1620,6,5,7,263,3,2,3,112,893:1,552,90,14,7,21,,,,,,,,,,,,,0.06,24611,11700,45636,55253,0.83,0.77,0.88,60755,55093,66417,,,,55234,273,110195,70750,4481,137019,82500,42632,122368,61535,58578,64492,45,64,37,13,5,,,,,,,,,,,,,,,,,,,,,,,,,39,16,11,23,17,,,,,,,,,,,,,,,,,,,,,,26,11,7,16,,,,,,,,,,,,,,,,,,,,,,40,12,9,16,,,,,,,,,,,,,,,,,,,,,,19,11,4400,7,60.1,55.9,21,15170,76,75,78,1866,10,8,11,85,16981,83,87,46458,20.3,22.4,420,0.9,207,0.4,264,0.6,8,0.0,1180,2.5,43797,94.3,175,0,0,1,49.5,39362,83.4
36019,New York,Clinton,78.7,78.1,79.3,87.4,80.0,94.8,,,,,,,81.4,77.9,84.9,,,,,,,78.3,77.7,78.9,1087,353,331,375,,,,,,,,,,,,,,,,,,,,,,24,35,22,52,,,,,,,,,,,,,,,,,,,,,,29,6,4,8,,,,,,,,,,,,,,,,,,,,,,11,10,13,16,14,19,10,9,12,175,252,8220,10,2650,3,36,15,11,21,,,,,,,,,,,,,,,,,,,,,,33,32,35,2790,6,5,7,418,3,2,4,132,757:1,833,88,4,1,6,,,,,,,,,,,,,0.10,23465,10633,51986,57621,0.90,0.83,0.98,65272,59306,71238,,,,65901,45742,86060,55506,41896,69116,60313,42012,78614,68010,64302,71718,42,65,38,27,7,,,,,,,,,,,,,,,,,,,,,,,,,45,11,8,15,11,,,,,,,,,,,,,,,,,,,,,,19,5,3,7,,,,,,,,,,,,,,,,,,,,,,35,6,4,9,,,,,,,,,,,,,,,,,,,,,,30,8,6400,6,55.7,63.1,42,22542,69,67,71,3866,12,11,14,86,27958,83,88,78753,17.9,19.4,2530,3.2,366,0.5,1099,1.4,28,0.0,2313,2.9,71287,90.5,275,0,0,1,48.9,50885,63.7
36021,New York,Columbia,79.5,78.7,80.3,98.1,65.3,130.9,,,,,,,73.1,68.6,77.5,,,,,,,79.7,78.8,80.5,874,336,311,361,347,226,508,,,,,,,688,518,895,,,,,,,324,297,350,21,47,29,72,,,,,,,,,,,,,,,,,,,,,,,,,,,,,,,,,,,,,,,,,,,,,,,10,9,11,16,14,18,9,8,10,223,406,5110,8,4499,7,35,19,13,27,,,,,,,,,,,,,,,,,,,,,,34,32,36,2216,6,5,7,367,4,2,5,91,1094:1,522,89,14,7,20,,,,,,,,,,,,,0.12,27392,14564,58354,63415,0.92,0.85,0.99,83533,77091,89975,,,,107054,17375,196733,23004,11084,34924,68235,37922,98548,85165,80113,90217,47,59,35,16,7,,,,,,,,,,,,,,,,,,,,,,,,,44,14,10,19,15,,,,,,,,,,,,,,,,,,,,,,21,7,4,11,,,,,,,,,,,,,,,,,,,,,,47,11,8,15,,,,,,,,,,,,,,,,,,,,,,16,10,4800,5,74.7,53.6,24,18868,75,73,76,3764,15,13,18,86,21648,84,87,61286,15.6,26.6,2668,4.4,226,0.4,1397,2.3,38,0.1,3586,5.9,52233,85.2,711,1,1,2,49.5,50960,82.8
36023,New York,Cortland,76.7,75.9,77.5,,,,,,,,,,,,,,,,,,,,,,705,424,391,457,,,,,,,,,,,,,,,,,,,,,,16,34,19,55,,,,,,,,,,,,,,,,,,,,,,,,,,,,,,,,,,,,,,,,,,,,,,,11,9,12,17,14,19,9,8,11,46,114,4560,10,2127,4,42,30,21,40,,,,,,,,,,,,,,,,,,,,,,36,34,38,1567,6,5,7,251,3,2,4,121,824:1,486,87,,,,,,,,,,,,,,,,0.07,22764,10529,46920,55863,0.84,0.79,0.89,58274,52711,63837,,,,,,,28700,7686,49714,37283,24697,49869,66715,62685,70745,50,68,39,24,10,,,,,,,,,,,,,,,,,,,,,,,,,23,9,6,14,10,,,,,,,,,,,,,,,,,,,,,,,,,,,,,,,,,,,,,,,,,,,,,,,28,8,6,12,,,,,,,,,,,,,,,,,,,,,,16,8,4200,6,57.4,61.6,69,12213,66,64,68,2426,14,11,16,84,15524,82,86,46126,18.5,17.4,937,2.0,197,0.4,541,1.2,20,0.0,1493,3.2,42176,91.4,147,0,0,1,50.6,21943,46.9
36025,New York,Delaware,77.5,76.6,78.4,79.2,73.2,85.1,,,,,,,,,,,,,,,,77.5,76.6,78.4,758,396,363,428,,,,,,,,,,,,,,,,,,,,,,15,43,24,70,,,,,,,,,,,,,,,,,,,,,,,,,,,,,,,,,,,,,,,,,,,,,,,12,10,13,17,15,20,10,8,11,48,121,4950,11,1774,4,30,23,15,32,,,,,,,,,,,,,,,,,,,,,,35,33,36,1569,6,5,8,209,3,2,4,96,1040:1,432,85,6,3,9,,,,,,,,,,,,,0.09,28311,12186,44660,51836,0.86,0.78,0.94,61424,56423,66425,63500,57408,69592,57708,18406,97010,,,,43056,29398,56714,58958,56206,61710,41,60,37,17,10,,,,,,,,,,,,,,,,,,,,,,,,,43,19,13,26,19,,,,,,,,,,,,,,,,,,,,,,29,13,9,19,,,,,,,,,,,,,,,,,,,,,,35,11,8,16,,,,,,,,,,,,,,,,,,,,,,23,6,3500,8,63.2,42.7,6,14490,77,75,79,2548,14,12,16,84,15777,82,87,44740,15.7,26.8,810,1.8,182,0.4,573,1.3,32,0.1,2123,4.7,40513,90.6,336,1,0,1,49.0,40120,90.5
36027,New York,Dutchess,79.7,79.4,80.0,83.4,82.0,84.9,,,,93.3,88.4,98.3,76.6,75.6,77.7,,,,,,,79.3,79.0,79.7,3572,315,304,326,229,199,260,,,,138,103,181,445,403,487,,,,,,,322,309,335,91,35,28,43,30,17,50,,,,,,,76,48,115,,,,,,,31,23,41,70,4,3,5,,,,,,,,,,,,,,,,,,,,,,10,8,11,15,13,17,9,8,11,872,336,21410,7,16830,6,296,33,30,37,28,19,39,,,,,,,37,26,52,,,,,,,36,31,41,34,33,36,10013,6,5,7,1570,3,2,3,127,789:1,3287,88,7,5,8,,,,,,,,,,,,,0.12,27366,13966,61597,76571,0.80,0.76,0.85,90740,86355,95125,108750,53262,164238,123810,92124,155496,58398,52866,63930,69625,56498,82752,101421,97858,104984,36,46,35,108,8,2,1,3,,,,,,,,,,9,6,14,,,,,,,1,1,2,208,13,11,15,14,,,,,,,,,,,,,,,,,,,,,,88,6,5,7,,,,,,,,,,6,3,12,,,,,,,7,6,9,173,8,7,10,6,4,10,,,,,,,10,6,16,,,,,,,9,7,10,33,46,26300,3,67.6,64.9,77,78430,69,68,70,17958,16,15,17,92,104422,91,92,297545,18.1,19.5,31918,10.7,1664,0.6,11280,3.8,280,0.1,43265,14.5,204255,68.6,5722,2,2,2,50.1,93921,31.7
36029,New York,Erie,77.5,77.4,77.7,77.2,76.1,78.3,71.0,68.1,74.0,85.3,83.3,87.2,71.1,70.5,71.6,,,,,,,78.6,78.4,78.8,13141,379,372,386,459,420,498,690,561,819,213,181,245,713,685,741,,,,,,,332,325,339,417,49,45,54,69,52,89,,,,33,19,55,97,81,113,,,,,,,35,30,40,442,6,6,7,9,7,12,,,,,,,12,11,14,,,,,,,5,4,5,11,9,12,16,14,19,9,8,11,2359,290,94150,10,52889,6,789,28,26,30,43,33,54,102,58,165,,,,45,38,52,,,,,,,25,23,28,36,34,37,26896,5,4,5,3740,2,1,2,209,478:1,9894,89,5,4,6,,,,,,,,,,,,,0.28,20119,7246,53701,63237,0.85,0.82,0.87,69888,67591,72185,34347,26687,42007,53058,48269,57847,40229,37520,42938,39511,35659,43363,76137,75050,77224,47,72,44,316,6,7,6,7,13,10,18,,,,,,,34,30,38,,,,,,,2,1,2,488,10,9,11,11,8,5,12,,,,,,,4,3,7,,,,,,,12,10,13,387,8,8,9,15,11,21,,,,,,,30,26,34,,,,,,,5,4,5,354,5,5,6,4,2,6,,,,,,,9,7,11,,,,,,,5,5,6,169,409,83200,7,67.4,69.4,184,264980,65,65,66,55559,14,13,15,88,356418,87,88,950312,19.8,19.5,124223,13.1,7536,0.8,45701,4.8,523,0.1,58274,6.1,698016,73.5,16281,2,2,2,51.2,98368,10.3
36031,New York,Essex,78.5,77.6,79.5,,,,,,,,,,,,,,,,,,,,,,572,347,315,379,,,,,,,,,,,,,,,,,,,,,,11,42,21,75,,,,,,,,,,,,,,,,,,,,,,,,,,,,,,,,,,,,,,,,,,,,,,,10,9,12,15,13,17,9,8,10,56,168,3340,9,259,1,20,18,11,28,,,,,,,,,,,,,,,,,,,,,,34,32,35,1413,7,6,8,192,3,2,4,79,1273:1,,,,,,,,,,,,,,,,,,0.17,30360,15294,46959,56058,0.84,0.74,0.93,62376,55568,69184,,,,,,,,,,82315,67009,97621,68822,64609,73035,48,,37,13,9,,,,,,,,,,,,,,,,,,,,,,,,,20,11,6,17,11,,,,,,,,,,,,,,,,,,,,,,,,,,,,,,,,,,,,,,,,,,,,,,,15,6,3,9,,,,,,,,,,,,,,,,,,,,,,12,7,2900,7,63.7,42.6,8,12129,77,75,79,1691,11,9,13,87,13732,85,89,36910,15.5,26.4,636,1.7,212,0.6,286,0.8,22,0.1,1108,3.0,34252,92.8,189,1,0,1,48.6,32335,86.5
36033,New York,Franklin,77.8,77.0,78.6,86.8,74.6,99.0,77.4,72.1,82.6,,,,79.0,73.0,85.0,,,,,,,77.4,76.5,78.2,677,368,339,397,,,,466,343,620,,,,,,,,,,,,,383,350,415,19,44,26,69,,,,,,,,,,,,,,,,,,,,,,,,,,,,,,,,,,,,,,,,,,,,,,,12,10,13,17,15,19,12,10,13,151,367,5670,12,3912,8,24,16,10,24,,,,,,,,,,,,,,,,,,,,,,35,33,36,1710,7,6,8,261,3,2,4,149,672:1,510,88,7,3,11,,,,,,,,,,,,,0.46,26017,12873,48032,52005,0.92,0.83,1.02,59192,53685,64699,47378,19889,74867,143667,74892,212442,75536,14914,136158,75250,15060,135440,61119,57658,64580,49,,38,19,8,,,,,,,,,,,,,,,,,,,,,,,,,31,11,8,16,12,,,,,,,,,,,,,,,,,,,,,,11,4,2,8,,,,,,,,,,,,,,,,,,,,,,34,10,7,14,,,,,,,,,,,,,,,,,,,,,,20,26,4500,10,48.6,50.3,26,13423,71,69,73,2090,12,9,14,83,15686,81,85,46373,20.2,19.9,1263,2.7,3697,8.0,259,0.6,12,0.0,1288,2.8,39368,84.9,128,0,0,1,47.7,33384,70.2
36035,New York,Fulton,75.9,75.2,76.7,78.7,72.9,84.5,,,,,,,,,,,,,,,,75.8,75.0,76.6,941,448,418,479,,,,,,,,,,,,,,,,,,,,,,14,30,16,50,,,,,,,,,,,,,,,,,,,,,,,,,,,,,,,,,,,,,,,,,,,,,,,12,11,14,18,16,20,10,9,12,65,142,6280,12,2113,4,35,22,15,31,,,,,,,,,,,,,,,,,,,,,,34,32,36,2033,6,5,8,305,3,2,4,110,908:1,615,83,,,,,,,,,,,,,,,,0.07,22357,11273,41144,55727,0.74,0.66,0.81,61512,57062,65962,,,,110844,8571,213117,,,,46319,18834,73804,61386,57694,65078,51,63,37,13,5,,,,,,,,,,,,,,,,,,,,,,,,,43,16,11,22,16,,,,,,,,,,,,,,,,,,,,,,20,7,5,12,,,,,,,,,,,,,,,,,,,,,,46,12,9,16,,,,,,,,,,,,,,,,,,,,,,34,15,5000,10,56.7,56.0,38,15265,69,67,71,2678,13,10,15,84,18572,82,86,52669,19.5,21.3,1043,2.0,175,0.3,464,0.9,26,0.0,2266,4.3,47820,90.8,91,0,0,0,50.0,27038,50.7
36037,New York,Genesee,77.5,76.8,78.2,86.6,78.3,94.9,,,,,,,,,,,,,,,,77.5,76.8,78.3,803,364,337,390,,,,,,,,,,706,461,1034,,,,,,,362,334,390,20,38,24,59,,,,,,,,,,,,,,,,,,,,,,,,,,,,,,,,,,,,,,,,,,,,,,,11,9,12,16,14,18,9,8,10,93,187,5380,9,929,2,41,24,17,32,,,,,,,,,,,,,,,,,,,,,,34,32,35,2047,6,5,7,307,3,2,3,89,1128:1,643,92,7,3,11,,,,,,,,,,,,,0.10,21277,11568,45053,59879,0.75,0.69,0.81,68973,61566,76380,50221,29481,70961,47813,17475,78151,,,,60729,34666,86792,69735,65325,74145,42,65,33,19,6,,,,,,,,,,,,,,,,,,,,,,,,,31,12,8,17,11,,,,,,,,,,,,,,,,,,,,,,11,4,2,7,,,,,,,,,,,,,,,,,,,,,,40,10,7,13,,,,,,,,,,,,,,,,,,,,,,6,17,5400,4,65.1,64.3,38,17919,73,71,75,2483,10,9,12,88,21375,86,89,57535,20.0,20.6,1484,2.6,682,1.2,404,0.7,8,0.0,2143,3.7,51830,90.1,222,0,0,1,50.1,36271,62.1
36039,New York,Greene,78.1,77.3,78.9,85.7,77.3,94.1,,,,,,,76.3,69.4,83.2,,,,,,,77.8,76.9,78.7,764,385,355,415,,,,,,,,,,668,473,917,,,,,,,389,357,422,16,45,26,73,,,,,,,,,,,,,,,,,,,,,,,,,,,,,,,,,,,,,,,,,,,,,,,11,9,13,16,14,18,9,8,11,172,399,4010,8,967,2,47,33,24,44,,,,,,,,,,,,,,,,,,,,,,36,34,37,1810,7,5,8,281,3,2,5,96,1045:1,447,90,15,8,22,,,,,,,,,,,,,0.07,27726,13960,54798,60371,0.91,0.81,1.01,71433,65014,77852,,,,61900,13838,109962,25788,22862,28714,64364,36675,92053,71429,65666,77192,40,57,32,13,6,,,,,,,,,,,,,,,,,,,,,,,,,42,16,11,22,18,,,,,,,,,,,,,,,,,,,,,,20,8,5,13,,,,,,,,,,,,,,,,,,,,,,44,13,10,18,,,,,,,,,,,,,,,,,,,,,,12,18,3500,9,65.3,44.9,15,13589,76,74,77,2331,13,11,16,80,14341,78,82,48061,15.8,24.4,2335,4.9,241,0.5,649,1.4,23,0.0,3255,6.8,40694,84.7,458,1,0,1,48.2,35090,73.2
36041,New York,Hamilton,79.2,77.0,81.4,,,,,,,,,,,,,,,,,,,,,,82,312,231,413,,,,,,,,,,,,,,,,,,,,,,,,,,,,,,,,,,,,,,,,,,,,,,,,,,,,,,,,,,,,,,,,,,,,,,,,12,10,14,17,15,19,9,8,11,,,480,10,590,12,,,,,,,,,,,,,,,,,,,,,,,,,,37,35,38,242,9,7,10,49,7,5,9,78,1280:1,,,,,,,,,,,,,,,,,,,42067,29107,45585,50441,0.90,0.65,1.15,62149,53225,71073,,,,,,,,,,,,,,,,37,,37,,,,,,,,,,,,,,,,,,,,,,,,,,,,,,,,,,,,,,,,,,,,,,,,,,,,,,,,,,,,,,,,,,,,,,,,,,,,,,,,,,,,,,,,,,,,,,,,,,,,,,,0,0,300,0,91.0,22.4,2,1465,85,82,88,146,9,4,14,86,1477,83,89,5118,12.4,34.0,59,1.2,14,0.3,42,0.8,5,0.1,108,2.1,4816,94.1,10,0,0,2,49.6,5107,100.0
36043,New York,Herkimer,78.1,77.4,78.8,,,,,,,,,,,,,,,,,,,,,,951,377,351,403,,,,,,,,,,,,,,,,,,,,,,25,44,29,66,,,,,,,,,,,,,,,,,,,,,,29,7,5,10,,,,,,,,,,,,,,,,,,,,,,11,10,13,17,14,19,9,8,11,49,95,6550,11,2695,4,31,17,12,24,,,,,,,,,,,,,,,,,,,,,,35,33,37,2181,6,5,7,371,3,2,4,57,1759:1,707,88,12,6,19,,,,,,,,,,,,,0.24,23311,9655,47196,55028,0.86,0.79,0.92,62197,57233,67161,,,,,,,22742,15215,30269,84018,19122,148914,69669,65818,73520,57,73,37,11,4,,,,,,,,,,,,,,,,,,,,,,,,,37,11,8,16,12,,,,,,,,,,,,,,,,,,,,,,24,8,5,12,,,,,,,,,,,,,,,,,,,,,,33,8,5,11,,,,,,,,,,,,,,,,,,,,,,68,9,6000,13,60.9,54.6,48,18744,76,74,78,2210,9,8,11,86,21113,84,87,59822,20.2,22.4,835,1.4,210,0.4,404,0.7,21,0.0,1649,2.8,55861,93.4,267,0,0,1,49.9,31634,52.6
36045,New York,Jefferson,77.3,76.8,77.9,82.8,78.8,86.8,,,,102.1,57.9,146.4,90.8,54.8,126.7,,,,,,,76.9,76.3,77.4,1352,380,359,401,213,116,357,,,,,,,510,341,732,,,,,,,396,374,419,71,61,47,76,,,,,,,,,,,,,,,,,,,,,,84,6,5,8,,,,,,,,,,,,,,,,,,,,,,10,9,12,15,13,17,10,9,11,162,170,13010,11,6820,6,79,24,19,29,,,,,,,,,,,,,,,,,,,,,,34,32,35,4083,6,5,7,801,3,2,4,195,512:1,1174,87,9,5,13,,,,,,,,,,,,,0.08,20144,6892,42715,50292,0.85,0.78,0.92,58763,52085,65441,,,,76850,59143,94557,60278,56555,64001,52348,43433,61263,64602,61573,67631,46,55,42,36,4,2,1,3,,,,,,,,,,,,,,,,,,,,,,83,14,11,18,15,,,,,,,,,,,,,,,,,,,,,,42,7,5,10,,,,,,,,,,,,,,,,,,,,,,81,10,8,13,,,,,,,,,,,,,,,,,,,,,,25,30,10400,5,53.3,48.1,38,25123,54,53,56,5726,13,11,14,89,40921,88,90,116637,23.5,15.2,6817,5.8,829,0.7,2189,1.9,412,0.4,9376,8.0,94112,80.7,645,1,0,1,46.9,57637,49.4
36047,New York,Kings,80.3,80.1,80.4,79.9,79.6,80.2,,,,86.1,85.7,86.6,77.6,77.3,77.8,,,,,,,82.0,81.8,82.1,27885,332,328,336,351,341,361,,,,182,174,190,454,446,462,,,,,,,252,247,258,898,35,33,38,27,23,32,,,,22,17,28,56,50,61,,,,,,,26,23,29,943,4,3,4,3,2,3,,,,2,2,3,7,6,7,,,,,,,2,2,2,10,9,12,16,14,17,11,10,13,26096,1187,377100,14,41,0,1434,19,18,19,24,22,27,,,,3,2,4,21,19,23,,,,,,,17,15,18,37,36,38,142343,9,8,9,15040,2,2,3,94,1066:1,22561,78,8,8,9,,,,,,,,,,,,,0.29,,,63537,69282,0.92,0.90,0.94,73244,71325,75163,57771,52481,63061,82647,79669,85625,59090,57866,60314,55916,53714,58118,99789,97543,102035,75,74,50,1535,8,5,5,5,4,3,5,,,,1,1,1,13,12,14,,,,,,,1,1,2,723,5,5,6,6,4,4,5,,,,5,4,6,4,3,5,,,,,,,7,6,8,531,4,4,4,2,2,3,,,,,,,10,9,11,,,,,,,1,1,2,660,4,3,4,4,3,5,,,,3,2,4,4,4,5,,,,,,,3,3,4,,302,230300,,55.4,57.1,633,302505,30,30,31,248566,26,25,26,86,861121,86,87,2590516,22.1,15.6,754233,29.1,25384,1.0,341589,13.2,2787,0.1,489451,18.9,951103,36.7,281988,11,11,12,52.3,0,0.0
36049,New York,Lewis,78.5,77.4,79.6,,,,,,,,,,,,,,,,,,,,,,336,339,300,378,,,,,,,,,,,,,,,,,,,,,,12,46,24,80,,,,,,,,,,,,,,,,,,,,,,,,,,,,,,,,,,,,,,,,,,,,,,,11,10,13,16,14,18,10,9,11,15,67,2420,9,1216,4,14,18,10,30,,,,,,,,,,,,,,,,,,,,,,34,32,36,927,6,5,7,167,3,2,3,112,890:1,312,91,,,,,,,,,,,,,,,,0.06,22366,9093,45760,54059,0.85,0.76,0.93,64452,56623,72281,85938,84451,87425,,,,86250,23255,149245,39792,15400,64184,64315,61326,67304,44,,35,8,5,,,,,,,,,,,,,,,,,,,,,,,,,23,20,12,30,17,,,,,,,,,,,,,,,,,,,,,,10,8,4,14,,,,,,,,,,,,,,,,,,,,,,15,8,5,13,,,,,,,,,,,,,,,,,,,,,,5,7,2700,4,64.6,44.4,15,8620,81,79,82,1067,10,8,12,83,8871,81,85,26699,22.3,20.8,177,0.7,92,0.3,125,0.5,32,0.1,435,1.6,25570,95.8,87,0,0,1,48.9,26582,100.0
36051,New York,Livingston,79.4,78.7,80.1,82.8,75.6,90.1,,,,,,,,,,,,,,,,79.2,78.5,79.9,751,308,284,332,,,,,,,,,,,,,,,,,,,,,,19,34,20,53,,,,,,,,,,,,,,,,,,,,,,,,,,,,,,,,,,,,,,,,,,,,,,,10,9,12,15,13,17,9,8,10,109,201,4950,8,2557,4,35,19,13,26,,,,,,,,,,,,,,,,,,,,,,33,31,34,1810,5,4,6,278,2,2,3,88,1139:1,636,93,7,3,11,,,,,,,,,,,,,0.09,20888,9031,51102,60857,0.84,0.78,0.90,75077,69527,80627,,,,66488,31795,101181,59250,1142,117358,60563,34883,86243,71555,67264,75846,42,57,34,18,7,,,,,,,,,,,,,,,,,,,,,,,,,46,14,10,19,15,,,,,,,,,,,,,,,,,,,,,,24,8,5,11,,,,,,,,,,,,,,,,,,,,,,41,9,7,13,,,,,,,,,,,,,,,,,,,,,,24,13,5300,7,62.3,63.0,19,18546,77,76,78,2424,10,9,12,87,20950,85,89,61516,17.5,20.3,1107,1.8,312,0.5,827,1.3,32,0.1,2542,4.1,55922,90.9,296,0,0,1,50.0,44136,71.4
36053,New York,Madison,79.6,79.0,80.3,91.7,80.6,102.9,,,,,,,,,,,,,,,,79.4,78.7,80.1,843,308,286,330,,,,,,,,,,,,,,,,,,,,,,22,33,21,50,,,,,,,,,,,,,,,,,,,,,,,,,,,,,,,,,,,,,,,,,,,,,,,11,9,12,16,14,19,9,7,10,47,80,5430,8,4248,6,40,19,14,26,,,,,,,,,,,,,,,,,,,,,,33,31,35,1829,5,4,6,329,2,2,3,133,754:1,716,89,3,2,5,,,,,,,,,,,,,0.06,23147,9691,50236,58147,0.86,0.81,0.91,69851,65428,74274,43295,39385,47205,127917,67691,188143,,,,55208,17684,92732,68750,65266,72234,39,71,35,18,6,,,,,,,,,,,,,,,,,,,,,,,,,45,12,9,17,13,,,,,,,,,,,,,,,,,,,,,,21,6,4,9,,,,,,,,,,,,,,,,,,,,,,52,11,8,14,,,,,,,,,,,,,,,,,,,,,,12,52,6300,10,60.6,64.0,25,19606,78,76,80,3119,13,11,15,87,21857,85,89,67097,18.4,20.5,1232,1.8,524,0.8,642,1.0,24,0.0,1738,2.6,61968,92.4,198,0,0,1,50.2,47040,69.2
36055,New York,Monroe,78.6,78.4,78.8,77.6,76.7,78.5,,,,85.4,83.7,87.1,71.0,70.4,71.6,,,,,,,80.1,79.9,80.3,9206,341,334,349,411,379,443,,,,190,158,221,676,647,705,,,,,,,284,276,292,336,48,43,53,49,36,64,,,,,,,111,93,129,,,,,,,28,23,33,377,7,6,8,8,6,10,,,,,,,14,12,16,,,,,,,4,3,5,11,9,12,16,14,18,10,9,11,2334,361,72790,10,51065,7,693,31,29,33,47,38,57,,,,,,,52,44,59,,,,,,,26,24,29,32,31,33,24752,6,5,6,3332,2,1,3,266,376:1,8490,87,6,5,7,,,,,,,,,,,,,0.24,21551,9752,54330,66034,0.82,0.80,0.85,68169,65375,70963,40114,31629,48599,70119,62585,77653,39892,37532,42252,44784,40302,49266,81486,80097,82875,52,64,46,185,5,7,6,7,9,7,12,,,,,,,31,27,35,,,,,,,2,1,2,384,10,9,11,10,8,5,12,,,,8,4,14,8,6,11,,,,,,,11,9,12,294,8,7,9,8,5,11,,,,,,,28,24,33,,,,,,,4,3,5,338,6,6,7,7,5,10,,,,,,,9,7,11,,,,,,,6,5,7,194,141,69600,5,67.7,66.0,184,200332,64,63,64,44341,14,14,15,88,278097,88,89,752035,20.1,18.9,111141,14.8,3379,0.4,29267,3.9,652,0.1,74472,9.9,518238,68.9,16388,2,2,2,51.4,61668,8.1
36057,New York,Montgomery,76.0,75.3,76.8,76.1,73.3,78.9,,,,,,,,,,,,,,,,76.1,75.3,77.0,805,429,398,461,532,422,661,,,,,,,,,,,,,,,,419,385,453,30,61,41,87,,,,,,,,,,,,,,,,,,,,,,32,7,5,11,,,,,,,,,,,,,,,,,,,,,,12,11,14,17,15,19,11,9,12,85,205,5820,12,9225,18,25,17,11,25,,,,,,,,,,,,,,,,,,,,,,36,34,37,1890,7,5,8,333,3,2,4,123,813:1,564,87,13,7,20,,,,,,,,,,,,,0.20,21717,8459,44238,54189,0.82,0.76,0.88,58176,52880,63472,26311,26085,26537,40929,22655,59203,33259,19644,46874,40938,29690,52186,60819,57687,63951,55,60,39,8,3,,,,,,,,,,,,,,,,,,,,,,,,,32,13,9,19,13,,,,,,,,,,,,,,,,,,,,,,20,8,5,13,,,,,,,,,,,,,,,,,,,,,,31,9,6,13,,,,,,,,,,,,,,,,,,,,,,36,21,5100,11,56.7,58.3,60,13001,69,67,71,2521,14,12,16,80,15094,77,82,49623,23.0,19.5,1284,2.6,338,0.7,538,1.1,88,0.2,7862,15.8,39066,78.7,998,2,1,3,50.2,22501,45.4
36059,New York,Nassau,81.5,81.4,81.6,83.2,82.6,83.7,102.1,81.6,122.5,87.6,86.9,88.4,78.2,77.7,78.7,,,,,,,81.6,81.4,81.7,12740,247,242,251,241,229,253,,,,142,132,153,383,366,400,,,,,,,240,234,245,324,25,22,28,29,23,35,,,,24,17,34,54,43,67,,,,,,,16,13,19,294,3,3,3,3,2,4,,,,2,1,3,8,6,9,,,,,,,2,2,2,8,7,10,13,11,15,9,8,10,2833,239,60640,4,6490,0,754,18,17,20,14,11,17,,,,3,2,5,16,13,21,,,,,,,23,21,25,34,33,36,41840,5,5,6,6424,2,2,3,198,506:1,16761,93,5,4,5,,,,,,,,,,,,,0.28,29874,18193,73425,91662,0.80,0.78,0.82,135528,131520,139536,137196,122240,152152,163934,156216,171652,124396,119386,129406,116340,110303,122377,142679,139594,145764,27,77,29,363,5,2,1,2,3,2,4,,,,,,,6,5,8,,,,,,,1,1,1,408,6,5,6,6,3,2,4,,,,5,4,7,5,3,7,,,,,,,7,6,8,157,2,2,3,2,1,2,,,,,,,5,4,7,,,,,,,2,2,3,580,6,6,7,7,6,8,,,,4,3,6,10,8,11,,,,,,,5,5,6,294,222,136100,4,76.0,71.8,306,372021,82,81,82,79517,18,17,18,93,422445,92,93,1383726,21.2,18.9,163724,11.8,8644,0.6,178834,12.9,1609,0.1,247646,17.9,772215,55.8,63757,5,5,5,50.7,5989,0.4
36061,New York,New York,83.3,83.1,83.5,82.2,81.9,82.6,,,,87.4,87.0,87.9,74.3,73.9,74.8,,,,,,,86.8,86.5,87.0,14040,252,248,256,294,284,303,,,,137,127,146,571,553,589,,,,,,,156,151,160,340,32,29,35,24,19,29,,,,28,19,40,70,57,84,,,,,,,23,18,28,348,3,3,3,3,2,3,,,,2,1,2,9,7,10,,,,,,,2,1,2,9,8,10,14,12,16,9,8,10,26131,1859,220500,13,0,0,1215,25,24,27,34,31,38,,,,3,2,5,60,53,66,,,,,,,17,15,19,32,31,33,61100,6,5,7,6440,3,2,3,321,311:1,17405,80,5,4,6,,,,,,,,,,,,,0.25,29931,958,89645,112220,0.80,0.77,0.83,95514,91313,99715,47693,28944,66442,101769,94288,109250,45782,43101,48463,47930,45728,50132,146105,142833,149377,67,69,39,926,12,3,2,3,3,3,4,,,,1,0,1,11,9,13,,,,,,,1,0,1,668,7,7,8,8,5,4,6,,,,6,5,8,7,6,9,,,,,,,9,8,10,172,2,2,2,2,2,3,,,,,,,9,7,11,,,,,,,1,0,1,292,3,2,3,3,2,3,,,,2,1,3,4,3,5,,,,,,,2,2,3,85,245,91200,4,59.1,61.5,1092,187921,24,24,25,159810,21,21,22,90,691752,89,90,1596273,14.0,18.4,205982,12.9,20312,1.3,212718,13.3,3113,0.2,418208,26.2,725628,45.5,126474,8,8,8,52.2,0,0.0
36063,New York,Niagara,76.2,75.8,76.5,76.8,74.2,79.5,66.4,61.9,70.9,84.2,79.8,88.7,67.0,65.4,68.6,,,,,,,77.1,76.7,77.5,3554,431,416,447,380,286,496,1000,767,1282,,,,917,826,1009,,,,,,,395,380,410,79,42,34,53,,,,,,,,,,90,51,146,,,,,,,34,25,45,85,6,5,7,,,,,,,,,,16,10,24,,,,,,,4,3,5,11,9,12,17,15,19,11,9,12,270,148,21300,10,11395,5,210,33,29,38,,,,,,,,,,77,53,107,,,,,,,30,25,35,34,32,36,6617,5,4,6,985,2,2,3,73,1378:1,2328,85,6,4,9,,,,,,,,,,,,,0.19,20596,7970,47983,59917,0.80,0.76,0.84,63565,59992,67138,,,,58536,33387,83685,32896,25621,40171,50625,37520,63730,70020,67586,72454,49,63,40,68,6,4,3,6,,,,,,,,,,36,25,49,,,,,,,2,1,3,133,12,10,14,13,,,,,,,,,,,,,,,,,,,,,,78,7,6,9,,,,,,,,,,34,22,50,,,,,,,6,4,8,139,9,8,11,,,,,,,,,,16,10,26,,,,,,,9,7,11,85,64,19000,8,63.5,69.9,66,64550,71,70,72,10595,12,11,13,87,78904,86,88,210880,19.6,20.9,15332,7.3,2499,1.2,2889,1.4,124,0.1,8148,3.9,176676,83.8,1542,1,,,50.8,63741,30.0
36065,New York,Oneida,76.6,76.2,76.9,80.0,77.2,82.8,,,,78.8,76.3,81.3,68.2,66.4,69.9,,,,,,,77.0,76.6,77.4,3661,428,414,443,405,330,480,,,,369,290,462,897,794,999,,,,,,,410,394,425,133,60,50,71,57,30,97,,,,,,,181,124,256,,,,,,,47,37,59,119,7,6,8,,,,,,,,,,17,11,25,,,,,,,5,4,6,11,9,13,17,14,19,10,9,12,536,274,23920,10,13146,6,208,30,26,34,25,13,45,,,,,,,76,52,107,,,,,,,29,25,34,37,35,38,8147,6,5,7,1211,2,2,3,183,546:1,2551,86,6,4,8,,,,,,,,,,,,,0.24,20857,9351,50334,58301,0.86,0.83,0.90,63894,59930,67858,55536,31623,79449,54854,45900,63808,27202,20483,33921,59241,49286,69196,70828,67899,73757,50,74,39,61,5,4,3,5,,,,,,,,,,24,16,36,,,,,,,2,1,3,151,13,11,15,13,,,,,,,,,,,,,,,,,,,,,,90,8,6,10,,,,,,,,,,24,14,39,,,,,,,7,5,9,137,9,7,10,,,,,,,,,,,,,,,,,,,,,,120,131,22000,11,58.4,63.1,74,63158,68,67,69,10663,12,11,13,87,80508,86,87,228846,21.1,20.0,14397,6.3,941,0.4,10242,4.5,294,0.1,15715,6.9,183270,80.1,5865,3,2,3,49.9,79753,34.4
36067,New York,Onondaga,78.1,77.8,78.3,80.3,77.9,82.7,76.3,71.6,81.0,87.1,84.4,89.8,71.0,70.1,71.8,,,,,,,78.9,78.6,79.1,6013,358,348,367,360,305,415,550,421,706,179,140,225,668,625,711,,,,,,,329,319,339,206,46,39,52,72,48,104,,,,,,,107,84,135,,,,,,,32,25,39,210,6,5,7,10,6,14,,,,,,,13,10,16,,,,,,,4,3,5,11,9,13,17,15,19,10,9,11,1134,282,46220,10,28390,6,478,34,31,37,27,16,42,,,,,,,53,42,66,,,,,,,34,31,38,35,34,37,15656,6,5,6,2562,2,2,3,272,368:1,5387,85,5,3,6,,,,,,,,,,,,,0.23,22064,9359,56934,65994,0.86,0.83,0.89,70939,68255,73623,46380,41171,51589,68579,62481,74677,36640,33418,39862,51223,42787,59659,78261,76768,79754,49,68,45,133,5,6,5,7,15,10,22,,,,,,,38,31,44,,,,,,,2,1,2,245,11,9,12,11,,,,,,,,,,8,5,13,,,,,,,11,10,13,182,8,7,9,13,8,22,,,,,,,32,26,40,,,,,,,4,3,5,250,8,7,9,11,6,17,,,,,,,9,6,13,,,,,,,7,6,8,145,271,43700,10,67.3,67.9,151,125899,65,65,66,26093,14,13,15,87,168000,86,88,468249,20.7,18.9,52843,11.3,4572,1.0,18350,3.9,254,0.1,26686,5.7,352809,75.3,7643,2,2,2,51.4,69759,14.6
36069,New York,Ontario,79.9,79.4,80.4,81.6,75.1,88.1,,,,,,,73.2,69.0,77.4,,,,,,,80.0,79.5,80.6,1345,299,281,316,344,246,469,,,,,,,751,561,985,,,,,,,291,273,308,37,37,26,51,,,,,,,,,,,,,,,,,,,,,,35,5,4,7,,,,,,,,,,,,,,,,,,,,,,10,8,11,16,13,18,8,7,9,110,113,8920,8,3288,3,59,18,14,23,,,,,,,,,,,,,,,,,,,,,,31,29,33,3299,5,4,6,634,3,2,4,139,718:1,1269,91,6,3,9,,,,,,,,,,,,,0.12,22493,12269,54722,65772,0.83,0.78,0.88,76601,71011,82191,87841,59002,116680,137054,56412,217696,58224,25539,90909,64308,58127,70489,77291,73310,81272,40,62,41,30,6,,,,,,,,,,,,,,,,,,,,,,,,,80,14,11,18,14,,,,,,,,,,,,,,,,,,,,,,33,6,4,8,,,,,,,,,,,,,,,,,,,,,,59,8,6,10,,,,,,,,,,,,,,,,,,,,,,46,20,10300,6,69.8,58.8,50,34133,73,71,74,4800,10,9,12,89,42121,89,90,112707,18.9,22.4,2782,2.5,433,0.4,1649,1.5,55,0.0,6181,5.5,99975,88.7,808,1,0,1,50.8,50444,44.9
36071,New York,Orange,79.2,78.9,79.5,81.7,80.8,82.6,,,,86.3,82.2,90.4,76.9,75.9,77.8,,,,,,,78.9,78.6,79.3,4252,326,316,336,269,246,292,,,,244,196,302,425,389,462,,,,,,,331,318,344,156,35,30,41,24,16,35,,,,,,,66,45,95,,,,,,,33,26,41,141,4,3,5,5,3,6,,,,,,,11,7,15,,,,,,,3,2,3,11,9,12,15,13,17,10,9,11,1005,303,31090,8,22260,6,358,30,27,34,22,16,28,,,,,,,31,22,42,,,,,,,34,29,38,36,34,37,15287,7,6,7,3068,3,2,4,118,851:1,4937,89,8,6,10,,,,,,,,,,,,,0.11,27350,14422,58430,71995,0.81,0.77,0.85,88532,83852,93212,88125,47900,128350,97578,83580,111576,79992,69966,90018,92456,85442,99470,93459,90645,96273,44,49,35,111,4,2,2,3,4,3,6,,,,,,,7,5,11,,,,,,,1,1,2,189,9,8,11,10,7,5,10,,,,,,,6,3,10,,,,,,,11,9,13,115,6,5,7,3,2,6,,,,,,,11,7,16,,,,,,,6,5,8,213,8,7,9,5,4,8,,,,,,,9,5,13,,,,,,,9,8,10,38,77,45600,3,64.8,64.8,66,91917,68,67,69,25992,20,19,21,87,118025,86,88,405941,25.3,14.7,46248,11.4,4036,1.0,13332,3.3,530,0.1,96054,23.7,241487,59.5,20003,5,5,6,50.0,110690,27.6
36073,New York,Orleans,77.2,76.4,78.1,82.2,71.3,93.1,,,,,,,76.6,73.0,80.3,,,,,,,77.2,76.3,78.1,652,393,361,426,,,,,,,,,,453,298,659,,,,,,,398,363,432,18,52,31,83,,,,,,,,,,,,,,,,,,,,,,25,9,6,13,,,,,,,,,,,,,,,,,,,,,,13,11,14,17,15,20,11,10,13,156,447,4240,10,1641,4,21,17,11,27,,,,,,,,,,,,,,,,,,,,,,35,34,37,1635,7,6,8,235,3,2,4,33,3024:1,461,89,11,4,18,,,,,,,,,,,,,0.08,20619,8115,45866,54193,0.85,0.76,0.93,62900,56628,69172,86417,41199,131635,143690,46130,241250,122861,48893,196829,58092,25815,90369,60286,56986,63586,49,56,36,14,7,,,,,,,,,,,,,,,,,,,,,,,,,26,10,6,15,13,,,,,,,,,,,,,,,,,,,,,,17,8,5,13,,,,,,,,,,,,,,,,,,,,,,33,12,8,16,,,,,,,,,,,,,,,,,,,,,,13,13,3500,7,56.9,54.0,12,12348,76,74,78,2499,16,13,19,86,13903,83,88,39318,18.9,20.2,1799,4.6,301,0.8,254,0.6,35,0.1,2135,5.4,34147,86.8,448,1,0,2,49.3,26848,66.5
36075,New York,Oswego,76.8,76.3,77.4,84.4,72.1,96.8,,,,,,,,,,,,,,,,76.7,76.2,77.3,1736,397,377,416,327,197,511,,,,,,,,,,,,,,,,399,379,420,55,48,36,63,,,,,,,,,,,,,,,,,,,,,,57,7,5,9,,,,,,,,,,,,,,,,,,,,,,12,10,13,17,15,19,9,8,11,83,83,13560,12,3016,2,113,32,26,38,,,,,,,,,,,,,,,,,,,,,,35,33,37,4418,6,5,7,747,3,2,4,115,870:1,1453,86,8,6,11,,,,,,,,,,,,,0.05,23120,10838,45478,57745,0.79,0.74,0.83,59335,56452,62218,,,,69342,33059,105625,37964,26174,49754,32946,14832,51060,65637,63183,68091,50,78,42,34,5,1,1,2,,,,,,,,,,,,,,,,,,,,,,81,14,11,17,14,,,,,,,,,,,,,,,,,,,,,,31,5,4,7,,,,,,,,,,,,,,,,,,,,,,100,12,10,14,,,,,,,,,,,,,,,,,,,,,,44,32,11300,7,59.7,61.9,42,34694,73,72,75,5979,13,12,15,89,42019,88,90,118287,20.3,18.2,1286,1.1,605,0.5,898,0.8,49,0.0,3694,3.1,110067,93.1,406,0,0,1,49.4,73719,62.7
36077,New York,Otsego,78.3,77.6,79.1,84.0,77.6,90.4,,,,,,,,,,,,,,,,78.1,77.3,78.9,801,357,329,384,,,,,,,,,,,,,,,,,,,,,,18,36,21,57,,,,,,,,,,,,,,,,,,,,,,22,6,4,10,,,,,,,,,,,,,,,,,,,,,,10,9,12,16,14,18,9,7,10,68,132,5440,9,6620,11,38,22,15,30,,,,,,,,,,,,,,,,,,,,,,34,32,36,1965,6,5,7,258,3,2,4,335,299:1,527,87,4,1,7,,,,,,,,,,,,,0.09,24806,10211,48923,52985,0.92,0.85,1.00,68962,65370,72554,,,,67500,9718,125282,89085,63274,114896,57375,22090,92660,65754,62252,69256,36,62,33,16,7,3,1,5,,,,,,,,,,,,,,,,,,,,,,41,14,10,20,14,,,,,,,,,,,,,,,,,,,,,,21,7,4,11,,,,,,,,,,,,,,,,,,,,,,32,8,5,11,,,,,,,,,,,,,,,,,,,,,,12,12,4200,6,57.2,54.0,28,16534,74,73,75,2506,12,10,13,85,18927,84,86,60636,14.7,21.6,1538,2.5,178,0.3,1013,1.7,41,0.1,2705,4.5,54381,89.7,338,1,0,1,51.3,42555,72.7
36079,New York,Putnam,82.0,81.5,82.6,84.7,82.6,86.9,,,,86.1,80.4,91.8,83.6,78.6,88.6,,,,,,,81.5,80.9,82.1,893,227,212,243,177,136,225,,,,,,,248,159,368,,,,,,,241,223,260,19,22,13,35,,,,,,,,,,,,,,,,,,,,,,,,,,,,,,,,,,,,,,,,,,,,,,,9,7,10,14,12,16,8,7,9,149,175,5230,5,6677,7,58,20,15,25,,,,,,,,,,,,,,,,,,,,,,33,31,34,3249,5,5,6,496,2,2,3,66,1508:1,1242,92,,,,,,,,,,,,,,,,0.04,31981,21366,69586,85903,0.81,0.74,0.88,112167,101220,123114,210577,22396,398758,107860,71495,144225,133566,73632,193500,107284,92289,122279,122548,117167,127929,27,45,33,36,8,,,,,,,,,,,,,,,,,,,,,,,,,36,6,4,9,7,,,,,,,,,,,,,,,,,,,,,,15,3,2,5,,,,,,,,,,,,,,,,,,,,,,39,6,4,8,,,,,,,,,,,,,,,,,,,,,,8,7,9500,2,74.7,69.8,36,29299,84,82,85,5498,16,14,18,94,32800,93,95,98045,19.0,19.3,3311,3.4,564,0.6,2452,2.5,94,0.1,18713,19.1,72051,73.5,1792,2,1,3,49.7,34205,35.0
36081,New York,Queens,81.4,81.3,81.5,83.5,83.1,83.8,118.8,97.2,140.4,86.2,85.8,86.5,77.6,77.3,77.9,,,,,,,80.4,80.2,80.6,24160,292,288,296,262,255,269,,,,194,188,200,429,418,440,,,,,,,312,304,319,663,33,31,36,25,21,28,,,,25,21,30,58,50,66,,,,,,,32,26,37,746,4,4,4,3,2,3,,,,2,2,2,8,7,9,,,,,,,4,3,4,10,9,11,13,12,15,12,11,13,16180,812,260030,11,1663,0,1102,16,15,17,14,12,15,,,,5,4,6,22,19,25,,,,,,,28,25,30,36,35,37,168880,12,11,12,13100,3,2,3,91,1104:1,19862,82,7,6,8,,,,,,,,,,,,,0.25,,,58384,59966,0.97,0.95,0.99,80180,78682,81678,76200,65105,87295,80623,78794,82452,80589,78070,83108,72387,70796,73978,94553,92812,96294,72,79,45,924,6,3,3,3,3,2,3,,,,1,1,1,8,7,9,,,,,,,1,1,2,740,6,6,6,6,4,4,5,,,,6,5,7,5,4,6,,,,,,,9,8,10,272,2,2,3,1,1,2,,,,1,0,1,7,6,8,,,,,,,2,2,3,649,4,4,4,4,3,4,,,,3,3,4,5,4,6,,,,,,,4,3,5,0,137,184100,1,56.8,61.4,736,369150,45,45,46,185337,23,23,24,89,728338,89,90,2278029,19.4,18.0,405672,17.8,32374,1.4,635906,27.9,5376,0.2,642196,28.2,543961,23.9,323460,15,14,15,51.1,74,0.0
36083,New York,Rensselaer,78.3,77.9,78.7,81.8,77.8,85.8,,,,93.5,75.0,112.1,71.4,69.6,73.3,,,,,,,78.7,78.3,79.1,2147,354,338,370,291,212,389,,,,241,147,372,683,588,778,,,,,,,338,322,355,61,43,33,55,84,42,150,,,,,,,114,65,185,,,,,,,28,19,40,60,5,4,7,,,,,,,,,,,,,,,,,,,,,,10,9,12,15,13,17,9,8,10,334,241,15010,9,6531,4,111,23,19,28,,,,,,,,,,32,16,58,,,,,,,24,20,30,36,34,38,5145,5,4,6,758,2,2,3,109,913:1,1498,91,5,3,6,,,,,,,,,,,,,0.19,21766,8547,60506,67971,0.89,0.85,0.93,80040,73291,86789,130774,85394,176154,93912,89057,98767,45150,40541,49759,80483,55123,105843,87025,82882,91168,41,60,38,53,6,4,3,5,,,,,,,,,,,,,,,,,,,,,,83,10,8,13,10,,,,,,,,,,,,,,,,,,,,,,45,6,4,8,,,,,,,,,,18,9,33,,,,,,,4,3,6,68,6,5,8,,,,,,,,,,,,,,,,,,,,,,26,83,13900,8,64.5,63.5,100,41507,63,61,64,7535,12,11,13,90,59226,88,91,159853,18.8,18.7,12295,7.7,587,0.4,4937,3.1,102,0.1,9090,5.7,129602,81.1,1259,1,1,1,50.0,53385,33.1
36085,New York,Richmond,79.2,78.9,79.4,80.9,80.1,81.7,,,,85.7,84.6,86.8,75.7,74.7,76.8,,,,,,,79.4,79.1,79.7,5812,328,319,336,304,281,326,,,,165,147,183,536,497,575,,,,,,,312,301,323,139,30,25,35,21,14,32,,,,27,14,46,62,42,89,,,,,,,26,20,33,159,4,4,5,4,3,5,,,,5,3,8,7,5,11,,,,,,,3,2,4,10,8,11,15,13,17,11,10,12,2138,511,46290,9,735,0,429,30,27,32,18,13,24,,,,,,,30,22,41,,,,,,,36,32,40,39,38,40,17766,6,5,7,2506,2,2,3,151,662:1,4831,83,6,5,8,,,,,,,,,,,,,0.15,,,66145,77540,0.85,0.82,0.89,91582,86608,96556,90896,85207,96585,92589,82821,102357,64882,59040,70724,78986,69355,88617,106406,102378,110434,62,73,41,208,8,3,3,4,4,2,6,,,,,,,15,11,20,,,,,,,1,1,2,173,7,6,8,7,3,2,5,,,,6,3,10,,,,,,,,,,8,7,10,84,3,3,4,3,2,6,,,,,,,11,7,16,,,,,,,3,2,4,137,4,3,5,5,3,7,,,,3,1,5,6,3,9,,,,,,,4,3,5,0,55,47500,1,64.6,64.1,454,116662,69,67,70,33269,20,19,21,88,149767,87,89,491133,21.3,17.4,45270,9.2,3656,0.7,67527,13.7,573,0.1,92529,18.8,277866,56.6,27472,6,6,6,50.9,0,0.0
36087,New York,Rockland,81.0,80.7,81.3,81.7,80.6,82.8,,,,90.7,88.1,93.2,78.3,77.3,79.4,,,,,,,80.9,80.6,81.3,3001,278,268,289,288,260,316,,,,159,130,189,388,353,423,,,,,,,270,257,283,131,32,26,37,40,28,56,,,,,,,51,30,81,,,,,,,29,23,36,127,3,3,4,4,3,6,,,,,,,,,,,,,,,,2,2,3,10,8,11,14,12,16,10,9,12,678,253,27720,8,13584,4,183,18,16,21,17,12,25,,,,,,,10,5,18,,,,,,,22,18,26,31,30,33,12407,7,6,8,2342,2,2,3,85,1177:1,3436,86,6,4,7,,,,,,,,,,,,,0.15,28887,10720,69055,80313,0.86,0.82,0.90,99839,91419,108259,74688,35198,114178,148750,122486,175014,102705,87631,117779,82602,74619,90585,109012,103923,114101,41,56,40,88,3,2,1,3,3,1,5,,,,,,,5,3,9,,,,,,,1,1,2,107,6,5,8,7,5,3,8,,,,,,,,,,,,,,,,8,6,10,45,3,2,4,,,,,,,,,,,,,,,,,,,,,,106,5,4,5,5,3,8,,,,,,,5,3,9,,,,,,,5,4,6,65,60,41100,3,72.8,68.0,196,70035,68,67,69,22303,22,21,24,87,89470,86,88,339022,29.3,15.9,36717,10.8,2177,0.6,21539,6.4,484,0.1,65915,19.4,210091,62.0,24297,8,7,8,50.4,1319,0.4
36089,New York,St. Lawrence,77.6,77.1,78.2,,,,,,,,,,68.9,56.2,81.6,,,,,,,77.4,76.9,78.0,1502,371,351,391,,,,,,,,,,1019,604,1611,,,,,,,376,355,397,62,58,44,74,,,,,,,,,,,,,,,,,,,,,,48,7,5,9,,,,,,,,,,,,,,,,,,,,,,12,10,14,17,15,20,11,9,12,178,191,12870,12,8160,7,45,14,10,19,,,,,,,,,,,,,,,,,,,,,,34,32,35,3813,7,6,8,690,3,2,4,154,649:1,1128,87,11,7,15,,,,,,,,,,,,,0.14,24662,11443,47736,56874,0.84,0.78,0.89,59451,55667,63235,15375,6531,24219,,,,89583,40062,139104,63250,52819,73681,58464,55598,61330,47,68,43,15,3,1,1,2,,,,,,,,,,,,,,,,,,,,,,69,12,9,15,13,,,,,,,,,,,,,,,,,,,,,,36,7,5,9,,,,,,,,,,,,,,,,,,,,,,66,9,7,11,,,,,,,,,,,,,,,,,,,,,,51,15,10100,7,53.4,56.5,26,29521,71,70,73,5435,14,12,15,84,34664,82,85,107733,19.6,19.0,2008,1.9,1193,1.1,1250,1.2,79,0.1,2541,2.4,99379,92.2,870,1,1,1,48.9,72628,66.9
36091,New York,Saratoga,80.7,80.4,81.1,88.7,83.3,94.0,,,,91.1,85.4,96.7,77.8,74.8,80.7,,,,,,,80.5,80.1,80.8,2523,269,258,280,148,96,216,,,,,,,380,277,508,,,,,,,276,265,288,50,25,18,32,,,,,,,,,,,,,,,,,,,,,,48,3,2,4,,,,,,,,,,,,,,,,,,,,,,9,8,10,14,12,16,8,6,9,242,118,15990,7,7848,4,99,14,12,17,,,,,,,,,,,,,,,,,,,,,,32,30,34,6724,5,4,5,1156,2,2,3,108,929:1,2662,92,5,3,6,,,,,,,,,,,,,0.07,19717,10403,61775,81001,0.76,0.72,0.80,93341,87830,98852,125292,21539,229045,169276,147218,191334,75123,55623,94623,80038,64512,95564,96520,93957,99083,24,54,33,77,7,1,0,1,,,,,,,,,,,,,,,,,,,,,,125,10,8,12,11,,,,,,,,,,,,,,,,,,,,,,42,4,3,5,,,,,,,,,,,,,,,,,,,,,,105,7,5,8,,,,,,,,,,,,,,,,,,,,,,39,57,21100,5,74.7,67.0,55,70909,72,71,73,10135,10,9,11,91,89828,90,92,238797,18.8,20.2,4761,2.0,603,0.3,7282,3.0,136,0.1,8986,3.8,212972,89.2,1442,1,0,1,50.3,67084,28.5
36093,New York,Schenectady,77.7,77.2,78.1,77.2,74.3,80.0,,,,85.5,81.1,89.9,72.2,70.5,73.9,,,,,,,78.5,78.0,78.9,2107,379,362,396,492,402,583,,,,243,184,314,659,585,733,,,,,,,347,329,365,70,47,36,59,,,,,,,,,,95,59,145,,,,,,,35,24,49,90,7,6,9,,,,,,,,,,14,9,21,,,,,,,5,3,7,10,9,12,15,13,17,10,8,11,442,330,14170,9,4613,3,117,25,20,29,36,19,62,,,,,,,32,18,51,,,,,,,24,19,30,33,32,35,5686,6,5,7,829,2,2,3,154,648:1,1715,84,7,4,10,,,,,,,,,,,,,0.17,20109,9078,56682,66950,0.85,0.80,0.89,74206,69248,79164,64083,30272,97894,74250,60374,88126,45759,40221,51297,46325,35036,57614,83214,79673,86755,43,58,42,53,6,3,2,4,,,,,,,,,,,,,,,,,,,,,,73,9,7,12,9,,,,,,,,,,,,,,,,,,,,,,38,5,3,7,,,,,,,,,,12,6,21,,,,,,,4,3,6,72,7,5,8,,,,,,,,,,9,5,17,,,,,,,7,5,9,48,94,15000,9,64.6,65.6,135,40880,64,62,65,9191,15,13,16,87,55831,86,89,160093,21.1,18.1,19433,12.1,1232,0.8,8945,5.6,428,0.3,12865,8.0,112211,70.1,1378,1,1,1,50.8,13986,8.8
36095,New York,Schoharie,79.3,78.2,80.4,,,,,,,,,,,,,,,,,,,,,,454,356,320,392,,,,,,,,,,,,,,,,,,,,,,11,42,21,75,,,,,,,,,,,,,,,,,,,,,,,,,,,,,,,,,,,,,,,,,,,,,,,11,10,13,17,14,19,9,8,11,30,114,2970,10,415,1,21,23,14,35,,,,,,,,,,,,,,,,,,,,,,34,32,36,948,6,5,7,165,3,2,4,70,1432:1,328,91,4,2,6,,,,,,,,,,,,,0.04,27638,11330,49913,61421,0.81,0.73,0.89,67975,61953,73997,,,,85500,3151,167849,116250,90196,142304,58750,22887,94613,71892,68015,75769,45,23,33,10,8,,,,,,,,,,,,,,,,,,,,,,,,,19,12,7,19,12,,,,,,,,,,,,,,,,,,,,,,12,8,4,14,,,,,,,,,,,,,,,,,,,,,,34,16,11,22,,,,,,,,,,,,,,,,,,,,,,6,1-4,2600,,62.3,52.1,16,9510,77,76,79,1157,10,8,12,84,10292,82,86,30063,17.0,24.1,448,1.5,110,0.4,231,0.8,10,0.0,1218,4.1,27648,92.0,47,0,0,1,49.6,24674,83.0
36097,New York,Schuyler,77.5,76.3,78.8,,,,,,,,,,,,,,,,,,,,,,282,366,319,413,,,,,,,,,,,,,,,,,,,,,,,,,,,,,,,,,,,,,,,,,,,,,,,,,,,,,,,,,,,,,,,,,,,,,,,,11,9,13,17,15,19,10,9,12,,,2040,11,65,0,10,19,9,35,,,,,,,,,,,,,,,,,,,,,,35,33,37,610,6,5,7,112,3,2,4,62,1605:1,168,95,,,,,,,,,,,,,,,,0.04,24532,8911,46651,61153,0.76,0.65,0.88,63233,56306,70160,30313,10682,49944,99583,524,198642,,,,,,,61363,54000,68726,46,55,36,4,5,,,,,,,,,,,,,,,,,,,,,,,,,18,20,12,33,20,,,,,,,,,,,,,,,,,,,,,,,,,,,,,,,,,,,,,,,,,,,,,,,11,9,4,16,,,,,,,,,,,,,,,,,,,,,,1-4,8,1500,,68.4,56.9,15,5724,77,75,79,757,11,8,13,84,6239,81,86,17650,18.6,23.6,171,1.0,65,0.4,113,0.6,8,0.0,358,2.0,16670,94.4,93,1,0,1,49.6,17898,100.0
36099,New York,Seneca,77.7,76.7,78.6,,,,,,,,,,,,,,,,,,,,,,491,372,337,407,,,,,,,,,,,,,,,,,,,,,,23,77,49,115,,,,,,,,,,,,,,,,,,,,,,,,,,,,,,,,,,,,,,,,,,,,,,,11,10,13,17,15,19,10,9,12,71,245,3370,10,726,2,15,15,8,24,,,,,,,,,,,,,,,,,,,,,,37,35,38,1352,7,6,9,266,4,3,5,82,1218:1,314,90,14,7,21,,,,,,,,,,,,,0.06,24489,11520,44990,55238,0.81,0.72,0.91,65354,62218,68490,,,,76071,42137,110005,,,,,,,65309,61556,69062,52,49,35,5,3,,,,,,,,,,,,,,,,,,,,,,,,,26,15,10,22,15,,,,,,,,,,,,,,,,,,,,,,12,7,4,12,,,,,,,,,,,,,,,,,,,,,,19,8,5,12,,,,,,,,,,,,,,,,,,,,,,6,7,3200,4,58.0,58.1,21,9882,73,70,75,1664,13,10,15,84,11382,81,86,32882,20.4,21.8,1123,3.4,194,0.6,289,0.9,8,0.0,1355,4.1,29418,89.5,280,1,0,1,48.4,19584,57.9
36101,New York,Steuben,77.1,76.5,77.6,,,,,,,,,,,,,,,,,,,,,,1543,408,387,430,,,,,,,,,,457,296,675,,,,,,,417,395,440,40,45,32,61,,,,,,,,,,,,,,,,,,,,,,43,6,4,8,,,,,,,,,,,,,,,,,,,,,,11,9,12,17,14,19,10,9,11,85,108,9720,10,4356,4,52,18,14,24,,,,,,,,,,,,,,,,,,,,,,35,33,37,3573,7,6,8,665,3,2,4,107,935:1,1193,91,10,7,13,,,,,,,,,,,,,0.07,24470,10889,47311,58461,0.81,0.76,0.86,60558,56671,64445,,,,114121,95859,132383,41191,19027,63355,61875,30757,92993,62308,60237,64379,48,54,41,42,8,,,,,,,,,,,,,,,,,,,,,,,,,80,15,12,19,17,,,,,,,,,,,,,,,,,,,,,,51,11,8,14,,,,,,,,,,,,,,,,,,,,,,58,9,7,11,,,,,,,,,,,,,,,,,,,,,,41,46,9400,9,63.2,61.2,46,28480,73,71,74,3896,10,9,11,85,33219,84,86,92599,21.1,21.0,1436,1.6,285,0.3,1489,1.6,32,0.0,1796,1.9,86179,93.1,573,1,0,1,49.9,55942,59.8
36103,New York,Suffolk,79.6,79.5,79.8,81.6,81.1,82.1,85.5,79.7,91.4,85.9,84.8,87.0,74.7,74.1,75.3,,,,,,,79.9,79.7,80.0,16978,309,304,314,281,269,293,325,216,469,180,162,199,492,468,516,,,,,,,301,296,307,462,33,30,36,39,33,45,,,,27,15,43,66,52,82,,,,,,,22,19,26,455,4,4,5,4,4,5,,,,,,,9,7,12,,,,,,,3,2,3,9,7,10,14,12,16,9,8,10,3101,237,79120,5,60345,4,1290,29,27,30,16,14,19,,,,,,,33,26,39,,,,,,,33,31,36,35,33,36,58842,6,6,7,9869,3,2,4,122,821:1,20086,90,6,5,7,,,,,,,,,,,,,0.19,32474,20318,66507,82854,0.80,0.78,0.82,119253,116559,121947,82446,66013,98879,131071,118040,144102,102620,97371,107869,112955,108594,117316,126382,124271,128493,34,59,33,342,4,2,2,2,3,3,4,,,,,,,11,9,14,,,,,,,1,1,1,637,8,7,9,9,4,3,5,,,,6,4,9,4,2,6,,,,,,,10,9,11,271,4,3,4,2,1,3,,,,,,,9,7,12,,,,,,,4,3,4,943,9,8,10,11,10,13,,,,5,3,8,14,11,16,,,,,,,8,7,9,41,189,144800,2,70.0,66.4,158,417769,82,81,82,87953,18,17,18,92,468511,91,92,1525465,20.3,18.2,120351,7.9,10997,0.7,73094,4.8,1770,0.1,326910,21.4,981757,64.4,54847,4,4,4,50.3,29972,2.0
36105,New York,Sullivan,76.7,76.0,77.3,79.1,76.8,81.5,,,,,,,73.0,70.8,75.2,,,,,,,76.4,75.6,77.2,1295,436,411,462,405,334,475,,,,,,,611,502,720,,,,,,,441,411,472,34,47,33,66,,,,,,,,,,,,,,,,,,,,,,26,4,3,6,,,,,,,,,,,,,,,,,,,,,,12,10,13,16,14,18,11,9,12,309,457,7730,10,2207,3,131,57,47,66,46,27,72,,,,,,,63,33,110,,,,,,,62,50,74,36,34,37,3487,8,6,9,565,3,2,4,63,1593:1,686,83,25,16,33,,,,,,,,,,,,,0.11,31091,15177,47615,60111,0.79,0.72,0.87,63733,57233,70233,31625,17832,45418,74875,29980,119770,47442,29211,65673,59826,41624,78028,70546,67903,73189,56,51,40,19,4,4,2,6,,,,,,,,,,,,,,,,,,,,,,55,12,9,16,14,,,,,,,,,,,,,,,,,,,,,,34,9,6,12,,,,,,,,,,,,,,,,,,,,,,72,14,11,17,17,10,28,,,,,,,,,,,,,,,,15,11,19,10,32,7200,6,62.4,36.1,18,20660,69,67,71,4330,15,13,17,85,25521,83,87,79658,21.0,19.4,7091,8.9,663,0.8,1766,2.2,81,0.1,14597,18.3,54287,68.2,2202,3,2,4,47.8,59012,75.1
36107,New York,Tioga,79.0,78.2,79.8,,,,,,,,,,,,,,,,,,,,,,670,341,313,369,,,,,,,,,,,,,,,,,,,,,,22,50,32,76,,,,,,,,,,,,,,,,,,,,,,,,,,,,,,,,,,,,,,,,,,,,,,,11,9,12,16,14,18,9,8,11,47,114,4150,9,542,1,22,15,10,23,,,,,,,,,,,,,,,,,,,,,,34,32,35,1467,5,4,6,240,2,2,3,71,1405:1,589,91,12,5,18,,,,,,,,,,,,,0.09,21010,8810,44503,64487,0.69,0.62,0.77,76197,70210,82184,105759,44384,167134,,,,145750,66581,224919,48472,15613,81331,70279,66666,73892,45,59,30,7,3,,,,,,,,,,,,,,,,,,,,,,,,,28,12,8,17,12,,,,,,,,,,,,,,,,,,,,,,14,6,3,10,,,,,,,,,,,,,,,,,,,,,,43,13,9,17,,,,,,,,,,,,,,,,,,,,,,11,14,4800,5,66.1,69.1,27,15821,78,76,80,1837,9,7,11,88,17862,86,89,47772,19.9,22.3,528,1.1,133,0.3,403,0.8,20,0.0,1060,2.2,45038,94.3,140,0,0,1,49.8,32178,66.4
36109,New York,Tompkins,80.9,80.3,81.5,111.4,67.1,155.7,,,,90.2,84.6,95.8,75.0,71.3,78.7,,,,,,,80.4,79.8,81.1,867,264,246,283,,,,,,,,,,519,385,685,,,,,,,275,254,296,26,27,18,40,,,,,,,,,,,,,,,,,,,,,,20,4,2,6,,,,,,,,,,,,,,,,,,,,,,10,8,11,15,13,17,9,8,10,159,168,9680,9,5534,5,66,21,17,27,,,,,,,,,,97,50,169,,,,,,,22,16,29,30,29,32,3416,6,4,7,392,2,2,3,148,676:1,816,85,,,,,,,,,,,,,,,,0.07,24278,12140,57270,68251,0.84,0.77,0.91,72025,65695,78355,86389,43673,129105,50625,34666,66584,34569,7674,61464,54018,38989,69047,73968,71568,76368,39,55,42,36,9,,,,,,,,,,,,,,,,,,,,,,,,,66,13,10,17,13,,,,,,,,,,,,,,,,,,,,,,18,3,2,6,,,,,,,,,,,,,,,,,,,,,,56,8,6,10,,,,,,,,,,,,,,,,,,,,,,17,40,6800,8,57.5,61.0,78,23328,54,53,55,8166,20,18,22,88,37978,87,90,104777,13.7,16.4,4212,4.0,496,0.5,10691,10.2,83,0.1,5804,5.5,80463,76.8,842,1,1,1,50.8,46638,44.1
36111,New York,Ulster,79.2,78.8,79.6,81.9,80.0,83.8,,,,85.8,80.6,90.9,74.7,72.7,76.8,,,,,,,79.1,78.7,79.6,2427,333,319,347,273,225,320,,,,195,119,302,524,446,602,,,,,,,331,316,347,55,38,29,50,,,,,,,,,,110,53,203,,,,,,,34,23,47,45,4,3,6,,,,,,,,,,,,,,,,,,,,,,11,9,12,16,14,18,9,8,10,564,350,17330,10,11199,6,194,36,31,41,31,18,48,,,,,,,53,31,84,,,,,,,36,30,42,31,29,32,7923,7,6,8,937,3,2,4,72,1381:1,1876,88,9,6,11,,,,,,,,,,,,,0.06,28607,15729,55697,68755,0.81,0.76,0.86,79340,74774,83906,,,,118818,91803,145833,65278,54752,75804,57944,51555,64333,80284,75594,84974,41,43,40,71,9,2,1,3,,,,,,,,,,,,,,,,,,,,,,132,13,11,16,15,,,,,,,,,,,,,,,,,,,,,,60,7,5,9,,,,,,,,,,,,,,,,,,,,,,112,9,7,11,,,,,,,,,,,,,,,,,,,,,,26,55,14800,5,69.3,60.2,55,49975,69,68,70,12656,18,17,20,90,65343,89,92,182319,16.8,21.6,10987,6.0,897,0.5,4221,2.3,103,0.1,21070,11.6,141271,77.5,2020,1,1,1,50.1,102061,56.1
36113,New York,Warren,78.1,77.4,78.7,,,,,,,,,,,,,,,,,,,,,,958,355,330,380,,,,,,,,,,,,,,,,,,,,,,25,49,32,72,,,,,,,,,,,,,,,,,,,,,,25,7,4,10,,,,,,,,,,,,,,,,,,,,,,11,9,13,16,14,18,9,8,10,79,137,5890,9,3505,5,38,20,14,27,,,,,,,,,,,,,,,,,,,,,,32,30,34,2122,6,5,6,310,3,2,3,258,388:1,750,89,,,,,,,,,,,,,,,,0.05,27314,13522,52424,64223,0.82,0.76,0.88,69849,63183,76515,,,,81607,41748,121466,,,,122847,28168,217526,74963,70390,79536,38,59,43,23,8,,,,,,,,,,,,,,,,,,,,,,,,,38,12,8,17,12,,,,,,,,,,,,,,,,,,,,,,20,6,4,10,,,,,,,,,,,,,,,,,,,,,,36,8,6,11,,,,,,,,,,,,,,,,,,,,,,16,18,5500,6,70.4,55.2,69,21036,71,69,73,3387,12,10,13,87,25983,86,89,65599,17.2,24.4,950,1.4,214,0.3,665,1.0,20,0.0,2020,3.1,60854,92.8,259,0,0,1,50.3,21138,32.2
36115,New York,Washington,77.5,76.8,78.1,87.6,77.7,97.5,,,,,,,,,,,,,,,,77.1,76.4,77.8,942,377,351,403,,,,,,,,,,,,,,,,,,,,,,21,42,26,64,,,,,,,,,,,,,,,,,,,,,,21,5,3,8,,,,,,,,,,,,,,,,,,,,,,11,9,13,16,14,18,9,8,11,104,195,5970,10,1495,2,32,18,12,25,,,,,,,,,,,,,,,,,,,,,,34,32,35,2356,7,6,8,337,3,2,4,53,1901:1,656,82,15,7,24,,,,,,,,,,,,,0.08,22426,8874,46802,55902,0.84,0.76,0.91,67013,60519,73507,,,,87946,27719,148173,117917,86773,149061,86175,66893,105457,68425,65240,71610,41,75,34,11,4,,,,,,,,,,,,,,,,,,,,,,,,,42,13,9,18,14,,,,,,,,,,,,,,,,,,,,,,24,8,5,12,,,,,,,,,,,,,,,,,,,,,,54,13,9,16,,,,,,,,,,,,,,,,,,,,,,,13,5300,,57.5,59.5,32,17916,74,72,76,2710,11,9,14,85,20548,83,87,60841,18.2,21.8,1532,2.5,231,0.4,356,0.6,29,0.0,1834,3.0,56179,92.3,472,1,0,1,48.3,46282,75.5
36117,New York,Wayne,77.9,77.3,78.6,81.7,77.4,85.9,,,,,,,69.8,64.8,74.8,,,,,,,78.0,77.3,78.6,1327,372,351,394,247,155,374,,,,,,,736,547,971,,,,,,,370,348,393,45,54,39,72,,,,,,,,,,,,,,,,,,,,,,47,7,5,10,,,,,,,,,,,,,,,,,,,,,,11,9,12,16,14,18,10,8,11,109,141,8010,9,1821,2,51,19,14,25,,,,,,,,,,,,,,,,,,,,,,36,34,38,3618,7,6,8,604,3,2,4,69,1446:1,1028,88,9,5,13,,,,,,,,,,,,,0.08,23417,11533,46328,58297,0.79,0.76,0.83,70917,63942,77892,36078,14931,57225,89167,24609,153725,63750,30049,97451,45046,29057,61035,72635,69605,75665,48,57,35,18,4,3,2,5,,,,,,,,,,,,,,,,,,,,,,66,15,11,19,15,,,,,,,,,,,,,,,,,,,,,,32,7,5,10,,,,,,,,,,,,,,,,,,,,,,83,13,10,16,,,,,,,,,,,,,,,,,,,,,,78,25,8800,12,64.2,58.6,19,30116,80,78,81,4049,11,9,13,87,32803,86,88,91125,20.8,21.0,2603,2.9,392,0.4,658,0.7,50,0.1,4545,5.0,81126,89.0,735,1,0,1,49.8,68261,74.8
36119,New York,Westchester,82.1,81.9,82.3,84.3,83.7,84.9,,,,89.7,88.4,91.1,77.9,77.4,78.4,,,,,,,82.6,82.4,82.8,8790,247,242,253,239,227,251,,,,134,118,150,430,411,449,,,,,,,219,212,226,279,30,26,33,31,25,38,,,,34,21,53,53,41,68,,,,,,,19,15,24,241,3,3,4,4,3,4,,,,,,,6,5,8,,,,,,,2,1,2,9,7,10,13,11,14,9,8,10,3431,404,66080,7,12894,1,479,16,15,18,12,10,15,,,,,,,26,21,31,,,,,,,18,16,20,33,32,34,41586,7,6,8,7107,3,2,4,113,883:1,11449,90,5,4,6,,,,,,,,,,,,,0.23,30882,19370,78976,91273,0.87,0.84,0.89,108037,103730,112344,74063,35274,112852,162417,148976,175858,76189,71753,80625,83219,79696,86742,141737,138651,144823,45,60,36,329,6,2,2,3,2,1,3,,,,,,,9,7,11,,,,,,,1,1,1,358,7,6,8,7,4,3,6,,,,6,4,10,4,3,6,,,,,,,9,8,10,150,3,3,4,1,1,2,,,,,,,8,6,10,,,,,,,3,2,4,278,4,4,5,5,4,6,,,,,,,6,4,7,,,,,,,4,3,4,121,193,98400,3,70.0,66.9,364,229004,62,61,63,70443,20,19,20,91,335191,91,92,990427,20.9,18.4,135816,13.7,10685,1.1,67984,6.9,1451,0.1,260908,26.3,509773,51.5,50983,5,5,6,51.2,45533,4.5
36121,New York,Wyoming,78.6,77.8,79.4,,,,,,,,,,,,,,,,,,,,,,516,313,284,341,,,,,,,,,,,,,,,,,,,,,,10,31,15,56,,,,,,,,,,,,,,,,,,,,,,,,,,,,,,,,,,,,,,,,,,,,,,,11,9,13,16,14,18,10,9,11,89,252,3230,8,1798,4,22,18,12,28,,,,,,,,,,,,,,,,,,,,,,35,33,37,1198,5,4,6,177,2,2,3,63,1587:1,331,95,,,,,,,,,,,,,,,,0.05,22868,12589,45142,56958,0.79,0.73,0.85,65526,58695,72357,,,,45833,27058,64608,62404,60276,64532,,,,65587,62858,68316,42,63,35,10,5,,,,,,,,,,,,,,,,,,,,,,,,,34,15,10,21,17,,,,,,,,,,,,,,,,,,,,,,13,6,3,11,,,,,,,,,,,,,,,,,,,,,,24,9,5,13,,,,,,,,,,,,,,,,,,,,,,11,14,3400,7,61.1,57.4,3,12457,77,75,79,1075,7,5,8,83,13426,81,85,39666,18.2,20.5,1682,4.2,198,0.5,210,0.5,24,0.1,1366,3.4,35913,90.5,205,1,0,1,46.2,36465,90.0
36123,New York,Yates,77.9,76.9,79.0,,,,,,,,,,,,,,,,,,,,,,342,338,298,378,,,,,,,,,,,,,,,,,,,,,,17,68,39,108,,,,,,,,,,,,,,,,,,,,,,,,,,,,,,,,,,,,,,,,,,,,,,,11,9,13,16,14,18,9,8,11,12,58,2210,9,45,0,12,16,8,28,,,,,,,,,,,,,,,,,,,,,,34,32,36,1381,11,9,12,566,10,7,13,82,1223:1,142,81,11,4,17,,,,,,,,,,,,,0.06,25169,9912,42153,46206,0.91,0.79,1.04,62637,55008,70266,,,,37125,34954,39296,,,,60817,42669,78965,64991,61030,68952,53,,36,4,3,,,,,,,,,,,,,,,,,,,,,,,,,16,13,7,22,13,,,,,,,,,,,,,,,,,,,,,,,,,,,,,,,,,,,,,,,,,,,,,,,12,7,4,12,,,,,,,,,,,,,,,,,,,,,,1-4,5,2400,,56.2,51.7,18,6862,77,76,79,1029,12,9,14,77,6857,75,80,24451,22.1,22.5,224,0.9,75,0.3,190,0.8,6,0.0,546,2.2,23172,94.8,145,1,0,1,50.6,16984,68.6